,date,stock_id,Trading_Volume,Trading_money,open,max,min,close,spread,Trading_turnover
0,2019-01-02,8210,145931,6288937,44.15,44.15,42.9,43.0,-0.15,117
1,2019-01-03,8210,203000,8829450,43.0,44.0,43.0,43.15,0.15,137
2,2019-01-04,8210,169042,7160785,43.05,43.05,41.85,42.4,-0.75,143
3,2019-01-07,8210,283258,12141190,42.7,43.3,42.65,43.1,0.7,215
4,2019-01-08,8210,154548,6674264,43.2,43.5,43.0,43.05,-0.05,116
5,2019-01-09,8210,515080,22253788,43.0,43.65,42.5,43.6,0.55,349
6,2019-01-10,8210,371522,16290512,43.6,44.1,43.4,44.05,0.45,222
7,2019-01-11,8210,240000,10549250,44.05,44.25,43.6,44.0,-0.05,162
8,2019-01-14,8210,900569,40396906,44.1,45.45,44.0,45.45,1.45,586
9,2019-01-15,8210,592085,27177278,45.9,46.25,45.45,45.65,0.2,444
10,2019-01-16,8210,600246,27587816,45.7,46.4,45.65,45.65,0.0,419
11,2019-01-17,8210,550903,24768641,46.0,46.0,44.4,45.0,-0.65,348
12,2019-01-18,8210,272300,12190760,45.3,45.4,44.45,44.7,-0.3,197
13,2019-01-21,8210,304100,13591529,44.9,45.15,44.6,44.75,0.05,139
14,2019-01-22,8210,203150,9018974,45.0,45.0,44.1,44.3,-0.45,137
15,2019-01-23,8210,212168,9439256,44.0,44.95,43.85,44.95,0.65,171
16,2019-01-24,8210,2598112,123549052,45.2,49.3,45.2,49.3,4.35,1750
17,2019-01-25,8210,1415618,69354943,49.9,49.95,48.35,49.0,-0.3,1024
18,2019-01-28,8210,829132,40009655,49.45,49.75,47.55,47.8,-1.2,618
19,2019-01-29,8210,758364,36152524,47.7,48.35,47.05,47.45,-0.35,568
20,2019-01-30,8210,428000,20504550,47.7,48.25,47.5,47.8,0.35,326
21,2019-02-11,8210,2474770,122928824,48.1,50.4,48.1,50.4,2.6,1779
22,2019-02-12,8210,1200907,60845430,50.4,51.6,49.9,50.6,0.2,851
23,2019-02-13,8210,874871,44575872,51.0,51.4,50.2,50.9,0.3,628
24,2019-02-14,8210,1378870,71150970,51.1,52.5,51.0,51.3,0.4,946
25,2019-02-15,8210,955073,48299173,51.7,51.8,49.75,50.5,-0.8,587
26,2019-02-18,8210,1114165,57455393,50.6,52.1,50.6,51.5,1.0,799
27,2019-02-19,8210,761820,39342973,52.0,52.1,51.0,52.0,0.5,511
28,2019-02-20,8210,719416,37241904,52.3,52.3,51.4,52.0,0.0,515
29,2019-02-21,8210,1079026,56584756,52.0,53.1,51.8,52.3,0.3,656
30,2019-02-22,8210,470500,24595849,52.6,52.6,52.0,52.2,-0.1,362
31,2019-02-25,8210,756389,39436743,52.6,52.7,51.6,52.2,0.0,453
32,2019-02-26,8210,877148,45403636,52.2,52.5,50.8,51.5,-0.7,659
33,2019-02-27,8210,530550,27420255,51.8,52.2,51.2,52.1,0.6,383
34,2019-03-04,8210,1688851,90760111,53.0,55.1,52.0,54.9,2.8,1208
35,2019-03-05,8210,1412251,77229100,54.8,56.0,53.5,53.9,-1.0,863
36,2019-03-06,8210,521433,28051265,53.8,54.3,53.5,53.8,-0.1,346
37,2019-03-07,8210,504500,26909299,54.0,54.0,52.8,52.9,-0.9,407
38,2019-03-08,8210,854527,46259966,53.0,54.8,52.8,54.4,1.5,602
39,2019-03-11,8210,1173597,64895253,55.2,55.8,54.5,55.0,0.6,694
40,2019-03-12,8210,1096363,61026528,55.5,56.2,55.0,56.1,1.1,700
41,2019-03-13,8210,1456002,82921210,56.1,57.5,56.1,57.5,1.4,947
42,2019-03-14,8210,1922162,110202933,58.0,59.2,55.9,56.4,-1.1,1247
43,2019-03-15,8210,716053,40300694,56.5,56.9,55.9,56.3,-0.1,442
44,2019-03-18,8210,527934,29565004,56.7,56.7,55.7,56.0,-0.3,333
45,2019-03-19,8210,1937227,112990134,56.3,59.4,56.3,58.9,2.9,1287
46,2019-03-20,8210,3667971,221326041,60.4,61.2,59.4,60.3,1.4,2221
47,2019-03-21,8210,4561132,287415610,60.6,64.6,60.6,64.3,4.0,2771
48,2019-03-22,8210,7555630,515720205,65.4,70.5,65.1,70.5,6.2,4908
49,2019-03-25,8210,4051785,278976501,69.0,70.4,67.8,68.5,-2.0,2643
50,2019-03-26,8210,4989385,352224091,70.5,73.2,67.5,68.0,-0.5,3533
51,2019-03-27,8210,1673687,115462204,68.5,69.5,68.0,69.5,1.5,1220
52,2019-03-28,8210,2029448,141089575,68.9,70.8,68.4,68.6,-0.9,1538
53,2019-03-29,8210,1103549,76337823,69.4,70.0,68.3,69.4,0.8,793
54,2019-04-01,8210,2403194,168666680,70.8,71.5,68.9,70.0,0.6,1672
55,2019-04-02,8210,1451700,101907647,70.0,70.9,69.2,70.9,0.9,1051
56,2019-04-03,8210,2229563,159537115,71.5,73.0,70.4,71.0,0.1,1556
57,2019-04-08,8210,1156836,81870767,71.5,71.9,69.4,69.5,-1.5,849
58,2019-04-09,8210,1843856,131399732,69.6,72.6,69.6,71.9,2.4,1407
59,2019-04-10,8210,1559238,109357460,70.2,71.1,69.5,70.4,-1.5,1241
60,2019-04-11,8210,1875422,129443855,70.4,70.4,67.9,69.1,-1.3,1347
61,2019-04-12,8210,984178,67073049,69.3,69.7,67.2,68.1,-1.0,771
62,2019-04-15,8210,1216228,84971418,68.8,70.9,68.6,70.6,2.5,968
63,2019-04-16,8210,1050578,73860385,71.1,71.6,69.5,70.0,-0.6,769
64,2019-04-17,8210,642471,44714545,70.0,70.1,69.1,69.5,-0.5,509
65,2019-04-18,8210,1510619,106322811,70.0,71.7,68.9,69.0,-0.5,1165
66,2019-04-19,8210,698810,48938160,70.0,71.0,69.3,70.2,1.2,527
67,2019-04-22,8210,1090243,77493731,70.2,71.8,70.2,70.9,0.7,767
68,2019-04-23,8210,540300,37965370,71.2,71.3,69.8,70.0,-0.9,439
69,2019-04-24,8210,7324709,548399261,70.0,77.0,70.0,77.0,7.0,4653
70,2019-04-25,8210,8604818,631739401,77.5,78.4,69.4,69.7,-7.3,5960
71,2019-04-26,8210,2616353,176378689,69.0,69.0,66.0,67.0,-2.7,1885
72,2019-04-29,8210,1914367,125792494,67.1,67.9,64.1,64.1,-2.9,1477
73,2019-04-30,8210,1230805,80528927,64.8,66.7,64.3,65.4,1.3,965
74,2019-05-02,8210,698230,46237972,65.5,66.8,65.5,66.4,1.0,541
75,2019-05-03,8210,686621,45876707,66.6,67.5,65.9,66.8,0.4,538
76,2019-05-06,8210,1098203,70838831,65.7,65.7,64.0,64.0,-2.8,809
77,2019-05-07,8210,442898,28875857,64.7,65.8,64.6,65.4,1.4,372
78,2019-05-08,8210,610548,39564020,64.5,65.9,64.2,64.5,-0.9,465
79,2019-05-09,8210,2195235,135353992,64.1,64.4,59.9,61.9,-2.6,1586
80,2019-05-10,8210,938200,58472960,61.9,63.2,61.2,62.4,0.5,700
81,2019-05-13,8210,693900,42440038,62.4,62.4,60.4,60.4,-2.0,430
82,2019-05-14,8210,1277529,78153527,59.5,63.4,59.0,62.9,2.5,894
83,2019-05-15,8210,856639,55009113,64.2,65.3,63.5,64.2,1.3,715
84,2019-05-16,8210,516083,32400586,63.9,63.9,61.5,61.9,-2.3,406
85,2019-05-17,8210,1683892,101659120,62.0,62.7,59.2,59.7,-2.2,1080
86,2019-05-20,8210,683590,41483006,59.9,61.9,59.4,61.5,1.8,538
87,2019-05-21,8210,516150,31761620,61.0,62.4,60.7,62.4,0.9,399
88,2019-05-22,8210,251177,15631391,62.8,63.0,61.5,61.9,-0.5,209
89,2019-05-23,8210,345085,21031985,61.5,61.5,60.6,60.8,-1.1,327
90,2019-05-24,8210,527062,32539662,60.6,62.6,60.6,61.8,1.0,426
91,2019-05-27,8210,954600,59974979,62.4,64.2,61.0,61.7,-0.1,781
92,2019-05-28,8210,251100,15550779,61.5,62.3,61.5,62.2,0.5,219
93,2019-05-29,8210,437014,27456482,61.9,63.4,61.8,63.2,1.0,399
94,2019-05-30,8210,587500,37455050,63.7,64.3,63.2,63.9,0.7,454
95,2019-05-31,8210,313730,20064174,64.4,64.4,63.6,63.8,-0.1,264
96,2019-06-03,8210,345252,21586623,63.5,63.5,62.1,62.3,-1.5,279
97,2019-06-04,8210,243300,15066468,62.3,62.6,61.6,61.7,-0.6,193
98,2019-06-05,8210,253076,15643189,62.8,62.8,61.2,61.4,-0.3,183
99,2019-06-06,8210,120862,7436525,61.5,62.2,61.2,61.7,0.3,111
100,2019-06-10,8210,661176,41951110,62.1,64.2,62.1,63.7,2.0,545
101,2019-06-11,8210,333891,21299165,64.2,64.2,63.4,63.6,-0.1,269
102,2019-06-12,8210,107052,6782628,63.6,63.8,63.1,63.5,-0.1,95
103,2019-06-13,8210,211600,13256760,63.7,63.7,62.3,62.5,-1.0,199
104,2019-06-14,8210,134432,8398070,62.6,62.8,62.2,62.2,-0.3,121
105,2019-06-17,8210,266026,16452914,62.2,62.4,61.6,61.9,-0.3,232
106,2019-06-18,8210,190000,11748600,62.5,62.5,61.6,61.7,-0.2,163
107,2019-06-19,8210,741694,46828737,62.5,64.2,62.1,63.9,2.2,601
108,2019-06-20,8210,499667,31726853,63.8,63.8,63.0,63.8,-0.1,351
109,2019-06-21,8210,1269650,82632458,64.4,65.8,64.4,64.4,0.6,972
110,2019-06-24,8210,640776,41855601,64.8,65.8,64.0,65.6,1.2,528
111,2019-06-25,8210,1468424,97393043,65.8,67.6,65.0,65.2,-0.4,1182
112,2019-06-26,8210,575570,37186620,65.3,65.7,63.5,64.8,-0.4,437
113,2019-06-27,8210,233604,15262859,65.0,65.6,65.0,65.3,0.5,222
114,2019-06-28,8210,355272,23155280,65.6,65.8,64.6,64.6,-0.7,280
115,2019-07-01,8210,1016453,67905582,66.0,67.4,65.6,67.3,2.7,794
116,2019-07-02,8210,1200407,79599423,68.0,68.0,65.8,65.9,-1.4,1010
117,2019-07-03,8210,508346,33551669,65.9,66.4,65.7,65.7,-0.2,407
118,2019-07-04,8210,739375,49404274,65.9,67.4,65.9,66.6,0.9,540
119,2019-07-05,8210,1163430,78421140,67.0,67.9,66.9,67.9,1.3,835
120,2019-07-08,8210,688982,46680378,68.3,68.3,67.4,67.7,-0.2,536
121,2019-07-09,8210,753425,51101441,68.2,68.3,67.4,68.0,0.3,472
122,2019-07-10,8210,2247848,152174831,68.1,68.4,67.0,68.2,0.2,1555
123,2019-07-11,8210,1882656,120222354,64.7,64.7,63.0,63.4,0.0,1054
124,2019-07-12,8210,1589676,103782612,63.8,66.2,63.8,65.7,2.3,1242
125,2019-07-15,8210,921220,59575400,65.6,65.6,64.1,65.0,-0.7,654
126,2019-07-16,8210,249145,16138425,65.1,65.1,64.5,64.6,-0.4,196
127,2019-07-17,8210,507000,32377300,64.5,64.5,63.6,63.8,-0.8,355
128,2019-07-18,8210,287396,18184187,64.0,64.0,63.0,63.1,-0.7,224
129,2019-07-19,8210,221100,14047040,63.7,63.7,63.2,63.5,0.4,196
130,2019-07-22,8210,251350,16011960,63.0,64.2,63.0,63.6,0.1,206
131,2019-07-23,8210,288400,18419938,63.8,64.3,63.5,63.6,0.0,218
132,2019-07-24,8210,278588,17782295,63.9,64.1,63.6,63.7,0.1,220
133,2019-07-25,8210,399614,25244842,63.7,63.8,62.7,63.1,-0.6,315
134,2019-07-26,8210,144514,9112126,63.1,63.3,62.8,63.1,0.0,124
135,2019-07-29,8210,256200,16203300,63.1,63.7,63.0,63.0,-0.1,200
136,2019-07-30,8210,677430,41761959,63.0,63.5,60.5,61.2,-1.8,552
137,2019-07-31,8210,645689,40632232,61.3,64.0,61.0,64.0,2.8,528
138,2019-08-01,8210,777080,50165715,63.8,65.4,63.2,64.4,0.4,624
139,2019-08-02,8210,754200,47439700,63.4,64.4,62.0,62.6,-1.8,587
140,2019-08-05,8210,333007,20604526,62.6,62.7,61.1,61.3,-1.3,274
141,2019-08-06,8210,477318,28644966,59.0,60.9,59.0,60.7,-0.6,334
142,2019-08-07,8210,225500,13808450,61.0,61.8,60.7,60.7,0.0,206
143,2019-08-08,8210,543200,34130600,62.0,63.4,61.7,63.0,2.3,429
144,2019-08-12,8210,243036,15335686,63.5,63.5,62.6,63.2,0.2,189
145,2019-08-13,8210,276784,17392099,62.8,63.9,62.5,62.6,-0.6,214
146,2019-08-14,8210,3446121,230448207,65.0,68.3,65.0,66.8,4.2,2343
147,2019-08-15,8210,3260943,221662355,65.5,69.2,65.3,69.0,2.2,2344
148,2019-08-16,8210,2765614,192765659,69.0,70.7,68.5,70.1,1.1,1893
149,2019-08-19,8210,2058630,145313463,71.0,71.7,69.7,70.0,-0.1,1502
150,2019-08-20,8210,1728487,122359090,70.0,71.7,69.8,69.8,-0.2,1267
151,2019-08-21,8210,1010399,71447266,70.0,71.2,70.0,70.5,0.7,780
152,2019-08-22,8210,963200,67666880,71.1,71.3,69.6,69.6,-0.9,723
153,2019-08-23,8210,1349689,95810177,69.8,71.9,69.8,71.2,1.6,934
154,2019-08-26,8210,1248186,88404230,70.0,71.9,69.8,70.3,-0.9,952
155,2019-08-27,8210,4982557,373227075,71.5,76.9,71.0,74.9,4.6,3737
156,2019-08-28,8210,4433572,332235050,76.4,78.1,72.5,73.7,-1.2,3369
157,2019-08-29,8210,1404832,103374836,73.5,74.7,72.5,72.8,-0.9,980
158,2019-08-30,8210,1150852,83745583,73.5,74.3,72.0,72.2,-0.6,841
159,2019-09-02,8210,841180,62096184,72.5,74.7,72.5,73.6,1.4,667
160,2019-09-03,8210,660705,48070599,73.8,74.0,72.3,72.4,-1.2,501
161,2019-09-04,8210,829051,60241912,72.3,73.8,71.7,72.7,0.3,581
162,2019-09-05,8210,523379,38149463,73.1,73.6,72.4,72.4,-0.3,379
163,2019-09-06,8210,673756,48563900,73.0,73.1,71.7,72.0,-0.4,485
164,2019-09-09,8210,1606854,113126518,71.3,71.3,69.4,69.6,-2.4,1089
165,2019-09-10,8210,473640,33197143,69.8,70.4,69.6,70.0,0.4,402
166,2019-09-11,8210,540928,37987088,70.0,70.7,69.9,70.0,0.0,388
167,2019-09-12,8210,762000,54123598,71.0,71.7,70.5,70.9,0.9,590
168,2019-09-16,8210,501341,35251102,71.5,71.5,69.6,69.8,-1.1,375
169,2019-09-17,8210,468883,32961349,69.4,70.9,69.4,70.5,0.7,346
170,2019-09-18,8210,267861,18879942,70.5,70.8,70.2,70.6,0.1,216
171,2019-09-19,8210,605272,43012156,71.0,71.7,70.4,70.6,0.0,407
172,2019-09-20,8210,1916637,139072990,71.8,73.8,71.0,72.0,1.4,1480
173,2019-09-23,8210,1298734,95329166,72.8,74.2,72.1,73.7,1.7,983
174,2019-09-24,8210,711000,52009900,74.4,74.5,72.5,72.7,-1.0,539
175,2019-09-25,8210,1124741,82859834,72.9,74.3,72.4,74.0,1.3,872
176,2019-09-26,8210,1146946,85682073,74.6,75.9,73.6,74.5,0.5,878
177,2019-09-27,8210,725500,53356350,74.5,74.8,72.7,73.6,-0.9,528
178,2019-10-01,8210,576538,42521157,74.0,74.3,73.1,73.9,0.3,440
179,2019-10-02,8210,731510,54710788,73.6,75.4,73.6,74.3,0.4,584
180,2019-10-03,8210,675720,50647130,73.4,75.6,73.3,75.6,1.3,537
181,2019-10-04,8210,838658,63596980,75.6,76.4,75.2,75.4,-0.2,691
182,2019-10-07,8210,1650292,127007402,76.0,78.7,75.0,75.9,0.5,1285
183,2019-10-08,8210,857050,64057108,75.9,75.9,74.3,74.6,-1.3,536
184,2019-10-09,8210,410511,30365314,73.7,74.4,73.0,74.0,-0.6,322
185,2019-10-14,8210,1286848,94116917,74.5,75.0,72.5,72.9,-1.1,1052
186,2019-10-15,8210,390390,28820221,72.9,74.5,72.9,73.9,1.0,351
187,2019-10-16,8210,504185,37622106,74.1,75.4,74.0,74.3,0.4,407
188,2019-10-17,8210,427255,31997199,74.1,75.4,74.1,75.4,1.1,333
189,2019-10-18,8210,4043135,319079650,76.1,81.5,75.6,79.7,4.3,2993
190,2019-10-21,8210,1893988,149123360,79.7,80.6,77.6,78.1,-1.6,1471
191,2019-10-22,8210,1369803,107730812,77.7,80.0,77.5,78.7,0.6,962
192,2019-10-23,8210,734894,58095490,78.7,79.8,78.2,79.3,0.6,616
193,2019-10-24,8210,477460,37936523,80.0,80.0,78.9,79.9,0.6,385
194,2019-10-25,8210,3003407,236194832,81.0,82.1,76.3,76.5,-3.4,2229
195,2019-10-28,8210,1008414,78135473,76.2,78.5,76.2,77.9,1.4,832
196,2019-10-29,8210,1075080,82607839,78.0,78.4,75.8,76.8,-1.1,874
197,2019-10-30,8210,366100,28202350,76.8,77.5,76.7,77.2,0.4,309
198,2019-10-31,8210,589472,45065906,77.0,77.5,76.0,76.4,-0.8,469
199,2019-11-01,8210,811934,61520984,76.4,76.5,75.5,75.7,-0.7,602
200,2019-11-04,8210,584472,44981095,76.1,77.4,76.1,77.0,1.3,420
201,2019-11-05,8210,386100,29741727,77.5,77.6,76.6,76.7,-0.3,272
202,2019-11-06,8210,450162,34541891,76.7,77.6,76.2,76.2,-0.5,349
203,2019-11-07,8210,1169500,86845799,76.2,76.2,73.5,74.0,-2.2,890
204,2019-11-08,8210,429250,31996450,74.3,75.3,73.8,74.7,0.7,349
205,2019-11-11,8210,380714,28103291,75.0,75.0,73.5,73.6,-1.1,332
206,2019-11-12,8210,236619,17692461,73.8,75.4,73.8,75.4,1.8,194
207,2019-11-13,8210,837365,64507877,76.0,77.8,76.0,77.2,1.8,647
208,2019-11-14,8210,938896,73341007,78.3,78.7,77.3,77.9,0.7,725
209,2019-11-15,8210,5508146,449269962,79.7,84.1,79.6,80.5,2.6,4017
210,2019-11-18,8210,2499544,207004632,81.7,84.0,80.6,83.9,3.4,1963
211,2019-11-19,8210,2258381,190025424,83.7,85.5,83.0,84.2,0.3,1747
212,2019-11-20,8210,1242750,104684275,84.2,84.9,83.4,84.7,0.5,894
213,2019-11-21,8210,1209850,102297486,84.7,85.5,83.1,85.5,0.8,946
214,2019-11-22,8210,1682434,140027424,85.8,85.8,81.9,82.1,-3.4,1237
215,2019-11-25,8210,663770,55023839,82.6,83.9,81.3,83.5,1.4,514
216,2019-11-26,8210,782724,66401686,85.0,85.9,84.1,84.4,0.9,594
217,2019-11-27,8210,400450,33801700,84.9,85.2,83.8,84.0,-0.4,288
218,2019-11-28,8210,456650,37966050,83.7,84.3,82.5,82.7,-1.3,352
219,2019-11-29,8210,569253,46994373,82.1,83.0,82.0,82.9,0.2,377
220,2019-12-02,8210,680419,55478648,82.0,82.6,81.0,81.5,-1.4,465
221,2019-12-03,8210,219780,18038392,80.6,82.6,80.6,82.5,1.0,189
222,2019-12-04,8210,239270,19570658,81.7,82.5,81.2,81.2,-1.3,171
223,2019-12-05,8210,173400,14194279,81.4,82.3,81.4,81.9,0.7,139
224,2019-12-06,8210,348060,28524126,81.7,82.4,81.3,82.0,0.1,272
225,2019-12-09,8210,2134830,181095986,85.6,87.0,83.4,84.3,2.3,1694
226,2019-12-10,8210,465403,39094669,84.0,84.5,83.7,83.8,-0.5,337
227,2019-12-11,8210,506588,42973580,83.7,85.2,83.7,84.9,1.1,427
228,2019-12-12,8210,346475,29314831,84.9,85.0,84.1,84.6,-0.3,286
229,2019-12-13,8210,417964,35292083,85.2,85.2,83.7,83.8,-0.8,322
230,2019-12-16,8210,281438,23511173,83.9,84.0,83.0,83.5,-0.3,222
231,2019-12-17,8210,592333,49694672,83.9,84.7,83.3,83.6,0.1,441
232,2019-12-18,8210,530325,44751853,83.6,85.2,83.2,84.9,1.3,425
233,2019-12-19,8210,281500,23771100,85.1,85.1,84.0,84.5,-0.4,219
234,2019-12-20,8210,234250,19836049,84.2,85.0,84.1,84.6,0.1,168
235,2019-12-23,8210,217012,18258518,84.7,84.7,83.8,84.5,-0.1,170
236,2019-12-24,8210,364100,30489910,84.3,84.3,83.3,83.5,-1.0,277
237,2019-12-25,8210,223100,18802490,83.6,84.7,83.6,84.7,1.2,154
238,2019-12-26,8210,219745,18475803,84.7,84.7,83.7,84.3,-0.4,172
239,2019-12-27,8210,266300,22408320,84.3,84.6,83.8,84.4,0.1,206
240,2019-12-30,8210,252000,21140300,84.0,84.3,83.5,83.9,-0.5,182
241,2019-12-31,8210,332000,27818500,83.9,84.3,83.2,84.2,0.3,256
242,2020-01-02,8210,1122966,96561456,84.3,86.8,83.7,86.5,2.3,888
243,2020-01-03,8210,2325176,204295175,87.1,89.2,86.0,89.0,2.5,1620
244,2020-01-06,8210,2182634,195822854,89.0,92.5,88.0,88.1,-0.9,1751
245,2020-01-07,8210,770219,67295481,88.1,88.7,86.0,88.3,0.2,685
246,2020-01-08,8210,1083899,93629450,88.0,88.2,85.4,85.5,-2.8,756
247,2020-01-09,8210,462072,39808312,86.6,86.7,85.7,86.2,0.7,323
248,2020-01-10,8210,1985270,177712438,87.6,91.2,87.5,88.5,2.3,1572
249,2020-01-13,8210,4012793,378197952,89.9,97.3,89.3,97.3,8.8,2927
250,2020-01-14,8210,5313116,529238951,99.6,102.0,98.0,98.6,1.3,3972
251,2020-01-15,8210,4502883,471634364,99.1,108.0,99.1,108.0,9.4,2984
252,2020-01-16,8210,8647569,968102366,113.0,114.5,109.0,114.0,6.0,5655
253,2020-01-17,8210,2473183,281406633,113.0,116.5,111.0,115.5,1.5,2001
254,2020-01-20,8210,1869250,216459500,116.5,117.5,114.5,116.0,0.5,1347
255,2020-01-30,8210,2887542,306405137,106.0,109.0,104.5,105.0,-11.0,1785
256,2020-01-31,8210,3783123,424455202,109.0,115.5,106.0,115.5,10.5,2367
257,2020-02-03,8210,3049746,337428060,113.0,113.0,108.0,110.0,-5.5,2185
258,2020-02-04,8210,2574066,276832023,109.5,111.5,105.5,106.5,-3.5,1746
259,2020-02-05,8210,3367012,363824260,107.5,111.5,104.5,105.5,-1.0,2357
260,2020-02-06,8210,1913012,207322320,106.5,110.0,106.0,110.0,4.5,1396
261,2020-02-07,8210,4883994,495188595,106.5,107.0,99.0,99.3,-10.7,3116
262,2020-02-10,8210,1812028,177879059,95.0,100.5,94.7,98.7,-0.6,1285
263,2020-02-11,8210,1501045,147960574,98.9,100.5,97.7,97.7,-1.0,1131
264,2020-02-12,8210,1561320,152048123,98.2,99.0,95.8,97.3,-0.4,1142
265,2020-02-13,8210,2367710,233574450,98.2,100.5,97.3,97.3,0.0,1750
266,2020-02-14,8210,2283070,226927770,98.0,100.5,97.7,100.0,2.7,1744
267,2020-02-17,8210,1544450,151394363,99.4,99.5,96.8,96.8,-3.2,1191
268,2020-02-18,8210,905479,87355684,96.2,97.7,95.8,95.9,-0.9,682
269,2020-02-19,8210,633716,61603726,96.4,97.9,96.2,97.6,1.7,525
270,2020-02-20,8210,789430,76636937,98.0,98.5,96.2,96.2,-1.4,619
271,2020-02-21,8210,450180,43234370,96.3,96.7,95.7,96.0,-0.2,372
272,2020-02-24,8210,1240009,115504036,94.0,94.6,92.3,92.7,-3.3,957
273,2020-02-25,8210,1073832,100036654,90.6,95.6,90.2,94.7,2.0,878
274,2020-02-26,8210,995580,92266950,94.4,94.7,91.3,91.3,-3.4,843
275,2020-02-27,8210,1242100,112148717,91.9,92.6,88.4,88.7,-2.6,946
276,2020-03-02,8210,1547760,132667606,83.5,88.1,83.3,86.2,-2.5,1107
277,2020-03-03,8210,1551407,140433230,88.5,92.5,88.1,89.8,3.6,1226
278,2020-03-04,8210,950250,83596400,89.0,89.7,87.0,87.3,-2.5,790
279,2020-03-05,8210,1224588,109424232,88.6,90.7,88.1,89.0,1.7,914
280,2020-03-06,8210,4190153,391437382,89.0,96.7,88.3,93.6,4.6,3003
281,2020-03-09,8210,2981210,272957900,93.5,94.5,88.0,88.1,-5.5,2153
282,2020-03-10,8210,1138994,99725969,86.5,88.8,86.0,88.4,0.3,929
283,2020-03-11,8210,1072291,93710626,88.5,89.1,85.2,85.5,-2.9,814
284,2020-03-12,8210,2169774,175880595,84.3,84.3,78.5,80.6,-4.9,1543
285,2020-03-13,8210,2210839,163567403,73.8,77.2,72.6,75.9,-4.7,1473
286,2020-03-16,8210,1521722,116024665,76.6,78.5,73.0,73.3,-2.6,1098
287,2020-03-17,8210,1823678,129823319,70.5,74.4,68.9,69.0,-4.3,1278
288,2020-03-18,8210,2289161,165246300,72.4,74.0,70.0,70.0,1.0,1792
289,2020-03-19,8210,1939322,129624830,71.0,71.2,63.6,64.3,-5.7,1569
290,2020-03-20,8210,1714871,119541601,68.4,70.7,67.0,70.6,6.3,1246
291,2020-03-23,8210,1102410,74066075,66.2,68.9,65.1,66.5,-4.1,900
292,2020-03-24,8210,1456400,104452539,69.1,73.1,69.1,72.9,6.4,1044
293,2020-03-25,8210,2740469,207776689,76.0,77.9,73.4,74.4,1.5,1993
294,2020-03-26,8210,1240876,92354124,74.6,75.6,72.7,75.5,1.1,969
295,2020-03-27,8210,1213800,92384299,77.4,77.9,74.0,74.4,-1.1,935
296,2020-03-30,8210,744477,54552086,72.4,74.8,71.2,74.4,0.0,619
297,2020-03-31,8210,641000,47996500,75.2,75.9,74.0,74.7,0.3,494
298,2020-04-01,8210,689550,52063318,74.5,76.6,74.0,76.3,1.6,576
299,2020-04-06,8210,3211375,260895157,77.2,83.9,76.1,83.9,7.6,2364
300,2020-04-07,8210,3526140,299611968,85.0,87.0,83.1,84.4,0.5,2694
301,2020-04-08,8210,1328193,113341898,84.4,86.1,83.2,86.0,1.6,1010
302,2020-04-09,8210,3150717,264047175,86.4,87.3,82.0,82.4,-3.6,2212
303,2020-04-10,8210,1607103,130506312,81.5,82.2,80.5,81.5,-0.9,1141
304,2020-04-13,8210,1336851,110217756,81.9,83.5,81.1,82.0,0.5,1062
305,2020-04-14,8210,1084038,89870646,82.0,83.4,82.0,83.0,1.0,849
306,2020-04-15,8210,1200450,100442420,83.7,84.4,82.8,83.9,0.9,863
307,2020-04-16,8210,962303,80865941,82.8,84.9,82.8,84.7,0.8,705
308,2020-04-17,8210,1644315,138566472,85.8,85.9,82.7,83.0,-1.7,1229
309,2020-04-20,8210,2289938,195953732,83.7,87.5,82.6,85.1,2.1,1697
310,2020-04-21,8210,1366447,114782010,85.7,86.0,82.7,82.9,-2.2,979
311,2020-04-22,8210,798086,65681410,81.9,83.3,81.1,82.7,-0.2,684
312,2020-04-23,8210,686489,57555380,84.0,84.6,83.1,83.4,0.7,525
313,2020-04-24,8210,1284073,109441905,83.6,86.2,83.6,84.8,1.4,953
314,2020-04-27,8210,1705008,148348285,86.2,88.2,85.6,86.3,1.5,1318
315,2020-04-28,8210,4260013,385100383,87.0,93.3,87.0,91.0,4.7,3290
316,2020-04-29,8210,3043908,280042888,92.1,93.8,90.6,92.0,1.0,2295
317,2020-04-30,8210,1337760,122240260,92.2,92.9,90.7,91.2,-0.8,1066
318,2020-05-04,8210,1012770,89963821,87.9,90.1,87.3,89.2,-2.0,753
319,2020-05-05,8210,1140367,101909330,89.2,90.6,88.1,90.0,0.8,765
320,2020-05-06,8210,1575754,144564965,90.5,92.8,89.7,91.1,1.1,1129
321,2020-05-07,8210,887101,80916341,92.1,92.1,90.7,91.0,-0.1,707
322,2020-05-08,8210,3191948,300821190,95.1,96.8,92.0,92.0,1.0,2275
323,2020-05-11,8210,878507,81477448,93.1,93.9,92.0,92.2,0.2,716
324,2020-05-12,8210,743519,68473761,92.8,92.8,91.0,92.4,0.2,598
325,2020-05-13,8210,1802226,169289988,91.5,95.2,91.5,94.6,2.2,1424
326,2020-05-14,8210,2004128,183959491,94.3,94.3,89.4,89.7,-4.9,1513
327,2020-05-15,8210,2967800,274295898,91.2,94.3,90.9,91.4,1.7,1900
328,2020-05-18,8210,4241228,403136573,93.2,97.3,93.0,94.2,2.8,3137
329,2020-05-19,8210,2726139,252175555,95.1,95.8,91.2,92.0,-2.2,2123
330,2020-05-20,8210,901280,82766260,92.5,92.6,91.3,91.6,-0.4,698
331,2020-05-21,8210,1309503,121772879,92.0,94.4,92.0,92.8,1.2,1017
332,2020-05-22,8210,1117558,103307646,93.4,93.7,91.5,92.0,-0.8,734
333,2020-05-25,8210,5519948,533296289,92.8,100.5,92.2,98.1,6.1,3886
334,2020-05-26,8210,3900481,375603426,98.6,99.6,94.5,95.0,-3.1,2988
335,2020-05-27,8210,1331703,126340593,95.1,95.7,94.4,94.4,-0.6,980
336,2020-05-28,8210,1341065,126314850,95.4,95.6,93.0,93.0,-1.4,1018
337,2020-05-29,8210,2885628,277179600,93.3,97.4,93.3,96.5,3.5,2170
338,2020-06-01,8210,1651031,159862500,97.2,98.2,95.8,96.5,0.0,1222
339,2020-06-02,8210,1009052,97311092,97.3,97.6,95.6,95.6,-0.9,766
340,2020-06-03,8210,1020663,98273512,97.0,97.1,95.7,96.4,0.8,669
341,2020-06-04,8210,2459025,240645940,96.9,99.3,96.6,97.7,1.3,1791
342,2020-06-05,8210,897983,87431128,98.6,98.6,96.8,97.3,-0.4,643
343,2020-06-08,8210,1986480,195919976,100.0,100.5,97.5,98.2,0.9,1245
344,2020-06-09,8210,2247348,223608248,98.8,101.0,97.4,100.0,1.8,1735
345,2020-06-10,8210,5003423,517766492,101.5,106.5,101.5,102.5,2.5,3495
346,2020-06-11,8210,1940323,194819577,102.5,103.0,98.4,98.6,-3.9,1285
347,2020-06-12,8210,1317790,127477710,95.7,98.6,95.3,98.6,0.0,984
348,2020-06-15,8210,1224940,119218825,99.0,99.1,95.6,95.8,-2.8,952
349,2020-06-16,8210,1111337,109522724,97.5,99.5,97.1,98.6,2.8,866
350,2020-06-17,8210,912000,88963600,99.0,99.1,96.8,97.2,-1.4,693
351,2020-06-18,8210,712469,68947273,97.7,97.8,96.0,97.2,0.0,559
352,2020-06-19,8210,607692,59327077,98.5,98.5,96.9,97.1,-0.1,490
353,2020-06-22,8210,469185,45640989,97.2,97.8,96.3,97.0,-0.1,354
354,2020-06-23,8210,1799357,174780572,97.9,99.3,95.6,95.6,-1.4,1425
355,2020-06-24,8210,2290008,215116952,96.0,96.3,93.1,93.3,-2.3,1740
356,2020-06-29,8210,767610,71142307,93.0,93.6,92.0,92.3,-1.0,552
357,2020-06-30,8210,647200,60140100,93.0,93.3,92.6,92.6,0.3,529
358,2020-07-01,8210,829305,78186829,93.2,95.1,92.8,94.5,1.9,691
359,2020-07-02,8210,562450,53246577,95.0,95.3,94.1,94.4,-0.1,458
360,2020-07-03,8210,607144,57497908,94.8,95.5,93.9,94.5,0.1,434
361,2020-07-06,8210,1020600,97675616,94.8,97.0,94.4,96.1,1.6,755
362,2020-07-07,8210,1455410,137342522,97.2,97.2,93.0,93.6,-2.5,1028
363,2020-07-08,8210,1100668,104496493,93.3,96.0,93.3,95.5,1.9,896
364,2020-07-09,8210,2261684,220720924,95.9,98.8,95.8,97.5,2.0,1653
365,2020-07-10,8210,1601434,154650066,98.1,98.5,94.5,96.9,-0.6,1256
366,2020-07-13,8210,1097500,102393448,93.0,94.5,92.0,94.1,0.0,901
367,2020-07-14,8210,634888,59332738,94.0,94.3,92.9,93.1,-1.0,490
368,2020-07-15,8210,1040326,97863178,94.7,94.9,93.0,93.6,0.5,770
369,2020-07-16,8210,1352454,129173291,94.0,96.5,94.0,96.0,2.4,1030
370,2020-07-17,8210,2067986,192486908,96.7,96.8,91.8,91.8,-4.2,1595
371,2020-07-20,8210,1203863,107755556,91.8,91.8,88.8,89.3,-2.5,889
372,2020-07-21,8210,672169,61059911,90.0,91.6,90.0,90.6,1.3,547
373,2020-07-22,8210,374483,34135354,91.1,91.8,90.7,91.0,0.4,332
374,2020-07-23,8210,446138,40532496,91.5,92.4,90.0,90.5,-0.5,342
375,2020-07-24,8210,807370,71845815,90.5,90.5,87.6,88.0,-2.5,563
376,2020-07-27,8210,571670,50264026,88.1,90.0,86.8,87.2,-0.8,435
377,2020-07-28,8210,655040,56556600,87.2,87.9,84.5,84.6,-2.6,456
378,2020-07-29,8210,561215,47817197,84.6,86.0,83.5,85.4,0.8,464
379,2020-07-30,8210,546675,46645850,86.6,86.6,84.6,85.1,-0.3,442
380,2020-07-31,8210,613510,52103258,85.5,85.8,84.1,85.0,-0.1,425
381,2020-08-03,8210,473660,40867087,85.3,87.2,85.3,86.1,1.1,398
382,2020-08-04,8210,332623,29028297,86.6,88.0,86.4,87.5,1.4,277
383,2020-08-05,8210,368579,32745967,87.6,89.8,87.6,89.5,2.0,326
384,2020-08-06,8210,426627,37778624,90.1,90.1,88.0,88.1,-1.4,360
385,2020-08-07,8210,183330,16162935,88.2,89.0,87.8,88.2,0.1,163
386,2020-08-10,8210,1203376,109694492,89.2,92.6,89.2,91.4,3.2,910
387,2020-08-11,8210,630102,57612222,92.1,92.5,90.8,91.3,-0.1,504
388,2020-08-12,8210,697606,62743540,90.3,90.7,89.4,89.6,-1.7,511
389,2020-08-13,8210,725300,66044150,91.0,91.7,90.3,90.8,1.2,496
390,2020-08-14,8210,1444055,133965596,92.0,93.5,91.8,92.2,1.4,931
391,2020-08-17,8210,791600,73982296,92.5,93.8,92.5,93.5,1.3,600
392,2020-08-18,8210,579653,53211207,93.8,93.8,91.1,91.3,-2.2,425
393,2020-08-19,8210,696415,62739488,92.0,92.0,89.2,89.8,-1.5,550
394,2020-08-20,8210,1027640,89567880,90.2,90.2,85.5,86.6,-3.2,822
395,2020-08-21,8210,565281,49568828,87.3,88.2,87.0,87.4,0.8,379
396,2020-08-24,8210,171150,15003734,88.3,88.3,87.2,87.6,0.2,144
397,2020-08-25,8210,731326,65972203,88.6,91.3,88.2,90.2,2.6,540
398,2020-08-26,8210,425324,38558148,90.7,91.2,89.5,90.9,0.7,316
399,2020-08-27,8210,457139,41657632,91.3,91.6,90.4,91.3,0.4,352
400,2020-08-28,8210,232517,21168088,91.3,91.7,90.5,90.7,-0.6,203
401,2020-08-31,8210,388304,35568685,91.1,92.3,90.9,91.4,0.7,292
402,2020-09-01,8210,243132,22033012,91.6,91.6,90.3,90.6,-0.8,210
403,2020-09-02,8210,309964,28190148,91.0,91.5,90.4,90.7,0.1,277
404,2020-09-03,8210,844247,77845848,91.0,92.9,91.0,92.2,1.5,627
405,2020-09-04,8210,511719,46399310,90.4,91.3,90.3,90.4,-1.8,395
406,2020-09-07,8210,410581,36909972,90.5,90.5,89.2,90.0,-0.4,263
407,2020-09-08,8210,291200,26235099,90.0,90.8,89.4,89.9,-0.1,192
408,2020-09-09,8210,835350,75560500,89.8,92.4,89.3,89.5,-0.4,682
409,2020-09-10,8210,263850,23847300,90.6,90.9,89.7,89.7,0.2,220
410,2020-09-11,8210,171876,15514400,90.3,90.8,89.8,90.2,0.5,155
411,2020-09-14,8210,552504,50548115,91.4,92.0,90.5,92.0,1.8,428
412,2020-09-15,8210,912105,84831865,93.0,93.5,92.5,92.9,0.9,705
413,2020-09-16,8210,561376,52090452,93.9,94.2,91.5,91.9,-1.0,462
414,2020-09-17,8210,348778,32210331,91.8,92.9,91.1,92.7,0.8,269
415,2020-09-18,8210,237556,21887927,92.9,93.0,91.5,91.7,-1.0,219
416,2020-09-21,8210,170000,15563300,92.1,92.1,91.2,91.4,-0.3,143
417,2020-09-22,8210,334250,29901500,91.0,91.0,88.1,89.3,-2.1,299
418,2020-09-23,8210,204226,18158735,90.0,90.0,88.2,88.8,-0.5,182
419,2020-09-24,8210,564151,49152937,88.0,88.2,86.5,86.6,-2.2,457
420,2020-09-25,8210,494200,42494600,87.3,87.6,84.8,85.5,-1.1,396
421,2020-09-28,8210,150547,13087789,86.0,87.4,86.0,87.1,1.6,116
422,2020-09-29,8210,155100,13640010,87.6,88.5,87.1,88.1,1.0,136
423,2020-09-30,8210,139200,12273940,88.9,88.9,87.2,88.3,0.2,123
424,2020-10-05,8210,232370,20838366,87.6,90.3,87.6,89.6,1.3,197
425,2020-10-06,8210,142700,12897928,89.9,91.0,89.8,90.4,0.8,127
426,2020-10-07,8210,204577,18513733,90.4,90.8,90.0,90.7,0.3,166
427,2020-10-08,8210,330500,30093948,90.6,91.4,90.5,90.9,0.2,267
428,2020-10-12,8210,286767,25948984,91.0,91.2,89.6,89.9,-1.0,243
429,2020-10-13,8210,185124,16682084,90.8,90.9,89.8,90.3,0.4,139
430,2020-10-14,8210,229510,20803654,90.0,91.1,90.0,90.5,0.2,203
431,2020-10-15,8210,149916,13488155,90.5,90.5,89.5,90.1,-0.4,148
432,2020-10-16,8210,115160,10364616,90.1,91.0,89.3,89.4,-0.7,108
433,2020-10-19,8210,130350,11693529,89.7,90.3,89.1,89.7,0.3,134
434,2020-10-20,8210,81100,7258690,89.6,90.2,89.3,89.5,-0.2,62
435,2020-10-21,8210,162092,14482143,89.6,90.0,89.0,89.0,-0.5,142
436,2020-10-22,8210,589707,53437761,89.1,91.6,89.1,91.6,2.6,415
437,2020-10-23,8210,372300,33475700,91.6,91.6,89.1,89.5,-2.1,325
438,2020-10-26,8210,92723,8283308,89.5,89.7,89.0,89.2,-0.3,82
439,2020-10-27,8210,170223,15042568,89.1,89.1,88.0,88.3,-0.9,159
440,2020-10-28,8210,187613,16490358,88.3,88.6,87.3,87.8,-0.5,160
441,2020-10-29,8210,198500,17239402,87.0,87.8,86.0,87.7,-0.1,155
442,2020-10-30,8210,158178,13813767,87.7,88.4,86.8,86.8,-0.9,130
443,2020-11-02,8210,124800,10776050,87.9,87.9,86.1,86.3,-0.5,113
444,2020-11-03,8210,115452,10100816,86.3,88.0,86.3,87.7,1.4,110
445,2020-11-04,8210,161170,14105003,87.8,88.3,86.9,88.1,0.4,120
446,2020-11-05,8210,159445,14113959,88.1,88.8,88.1,88.4,0.3,126
447,2020-11-06,8210,113278,10026723,88.5,89.2,88.0,88.0,-0.4,108
448,2020-11-09,8210,430819,37380248,87.4,87.4,86.1,87.3,-0.7,364
449,2020-11-10,8210,110601,9639085,87.3,87.4,86.9,87.3,0.0,100
450,2020-11-11,8210,338122,29297850,86.5,87.2,86.5,86.6,-0.7,293
451,2020-11-12,8210,322575,27711235,86.6,86.6,85.2,86.0,-0.6,264
452,2020-11-13,8210,294015,25249046,86.0,86.6,85.5,86.2,0.2,242
453,2020-11-16,8210,328225,28341105,86.4,87.1,85.4,86.5,0.3,259
454,2020-11-17,8210,424457,36557033,86.5,86.5,85.7,86.0,-0.5,282
455,2020-11-18,8210,308834,26585496,86.6,86.7,85.8,85.9,-0.1,249
456,2020-11-19,8210,413540,35412940,86.0,86.2,84.6,86.0,0.1,309
457,2020-11-20,8210,292476,25078939,86.0,86.4,85.5,85.5,-0.5,272
458,2020-11-23,8210,362266,31036606,86.2,86.2,85.5,85.6,0.1,338
459,2020-11-24,8210,760800,64635937,85.9,85.9,83.9,84.8,-0.8,648
460,2020-11-25,8210,249000,21253400,85.6,85.8,84.9,85.3,0.5,211
461,2020-11-26,8210,412500,35149990,85.3,85.8,84.9,85.4,0.1,295
462,2020-11-27,8210,584700,50507030,85.5,86.9,85.4,86.5,1.1,429
463,2020-11-30,8210,390240,33833246,86.4,87.5,85.7,85.8,-0.7,348
464,2020-12-01,8210,379187,32266958,85.9,85.9,84.7,85.0,-0.8,333
465,2020-12-02,8210,680960,57693552,85.2,85.4,84.2,84.4,-0.6,544
466,2020-12-03,8210,586000,49874900,84.8,85.9,84.6,84.7,0.3,479
467,2020-12-04,8210,537310,45309341,84.7,85.0,83.8,83.9,-0.8,482
468,2020-12-07,8210,877708,72720751,83.9,83.9,82.5,82.7,-1.2,680
469,2020-12-08,8210,443878,36825294,82.7,83.6,82.2,83.4,0.7,394
470,2020-12-09,8210,859514,73549477,83.4,86.2,83.4,85.8,2.4,647
471,2020-12-10,8210,474884,40832016,85.8,86.9,84.8,85.1,-0.7,402
472,2020-12-11,8210,429224,36174075,85.1,85.2,83.6,84.4,-0.7,330
473,2020-12-14,8210,155836,13129004,83.9,85.0,83.9,84.3,-0.1,128
474,2020-12-15,8210,424879,35182654,84.0,84.0,82.4,82.4,-1.9,389
475,2020-12-16,8210,289276,24021490,82.6,83.5,82.6,83.0,0.6,234
476,2020-12-17,8210,175373,14492871,83.0,83.0,82.4,82.7,-0.3,161
477,2020-12-18,8210,690187,56346065,83.0,83.0,81.0,81.0,-1.7,627
478,2020-12-21,8210,364702,29899580,81.0,83.1,80.4,82.5,1.5,281
479,2020-12-22,8210,207344,16971392,82.5,82.6,81.5,81.6,-0.9,169
480,2020-12-23,8210,151410,12426777,81.7,82.5,81.7,82.3,0.7,133
481,2020-12-24,8210,157421,12879944,82.3,82.3,81.5,81.6,-0.7,156
482,2020-12-25,8210,135200,11071500,82.3,82.3,81.6,81.8,0.2,104
483,2020-12-28,8210,353584,28929368,82.1,82.5,81.4,82.5,0.7,212
484,2020-12-29,8210,220397,18106974,82.8,82.8,81.9,82.1,-0.4,136
485,2020-12-30,8210,215273,17710622,82.1,82.8,82.0,82.2,0.1,161
486,2020-12-31,8210,140734,11552709,82.2,82.5,81.9,82.0,-0.2,106
487,2021-01-04,8210,154753,12726196,82.4,82.6,82.0,82.1,0.1,131
488,2021-01-05,8210,286278,23725128,82.2,83.4,82.1,83.2,1.1,233
489,2021-01-06,8210,502630,41929845,83.0,84.9,82.1,82.3,-0.9,384
490,2021-01-07,8210,165214,13662438,82.2,83.2,82.2,82.6,0.3,152
491,2021-01-08,8210,450391,37841550,82.5,85.1,82.2,84.0,1.4,377
492,2021-01-11,8210,203368,17027976,84.4,84.6,83.2,83.6,-0.4,189
493,2021-01-12,8210,202543,16820714,83.3,83.5,82.5,82.6,-1.0,158
494,2021-01-13,8210,172842,14322171,82.7,83.6,82.2,82.6,0.0,149
495,2021-01-14,8210,207631,17333464,82.8,84.2,82.6,83.5,0.9,192
496,2021-01-15,8210,279278,23445250,83.5,84.6,83.2,83.7,0.2,214
497,2021-01-18,8210,290359,23943714,83.5,84.3,81.8,82.5,-1.2,257
498,2021-01-19,8210,141329,11677578,82.5,83.0,82.4,82.4,-0.1,109
499,2021-01-20,8210,869038,69930199,82.1,82.2,79.8,79.8,-2.6,724
500,2021-01-21,8210,306359,24517500,79.8,80.8,79.7,79.8,0.0,226
501,2021-01-22,8210,678301,53167084,80.0,80.5,77.4,78.2,-1.6,549
502,2021-01-25,8210,547106,42570769,77.7,79.4,77.1,79.0,0.8,427
503,2021-01-26,8210,468539,36471583,79.0,79.0,77.5,77.6,-1.4,420
504,2021-01-27,8210,328322,25912310,77.7,79.9,77.7,78.8,1.2,273
505,2021-01-28,8210,493167,39554696,78.0,81.5,78.0,79.8,1.0,386
506,2021-01-29,8210,248110,19600175,80.6,80.6,78.1,78.3,-1.5,215
507,2021-02-01,8210,162640,12559243,78.3,78.3,76.3,77.5,-0.8,151
508,2021-02-02,8210,181396,14070522,77.6,77.8,77.2,77.5,0.0,158
509,2021-02-03,8210,332613,26009220,77.5,79.3,77.4,78.4,0.9,221
510,2021-02-04,8210,124811,9801695,78.4,79.1,78.3,78.3,-0.1,98
511,2021-02-05,8210,146540,11450221,78.5,78.5,77.9,78.0,-0.3,126
512,2021-02-17,8210,250103,19781733,78.7,79.9,78.3,79.2,1.2,211
513,2021-02-18,8210,528765,42589400,79.6,81.3,79.2,81.2,2.0,339
514,2021-02-19,8210,765458,63700981,81.3,84.5,81.2,84.3,3.1,587
515,2021-02-22,8210,381264,32186636,84.8,85.2,83.9,84.3,0.0,314
516,2021-02-23,8210,446926,37953511,84.3,85.4,84.1,84.9,0.6,386
517,2021-02-24,8210,379978,31840422,85.5,85.5,82.9,83.5,-1.4,350
518,2021-02-25,8210,218593,18352546,84.3,84.6,83.5,83.6,0.1,188
519,2021-02-26,8210,200141,16691426,83.0,84.1,82.9,83.4,-0.2,184
520,2021-03-02,8210,194750,16263642,83.6,84.3,82.4,82.4,-1.0,181
521,2021-03-03,8210,156015,12837530,82.4,83.0,81.5,82.8,0.4,147
522,2021-03-04,8210,147520,12100403,82.1,82.5,81.6,81.8,-1.0,134
523,2021-03-05,8210,124182,10125297,81.3,81.9,81.0,81.6,-0.2,110
524,2021-03-08,8210,469827,39238006,82.4,84.2,82.4,83.0,1.4,316
525,2021-03-09,8210,148520,12377076,83.2,83.9,82.8,83.8,0.8,141
526,2021-03-10,8210,186780,15681564,84.3,84.5,83.5,83.6,-0.2,179
527,2021-03-11,8210,233657,19656956,83.4,84.4,83.4,84.1,0.5,193
528,2021-03-12,8210,356119,30155014,84.5,85.2,84.1,85.1,1.0,259
529,2021-03-15,8210,184238,15595961,85.2,85.2,84.1,84.6,-0.5,184
530,2021-03-16,8210,147282,12468603,84.8,84.9,84.3,84.7,0.1,128
531,2021-03-17,8210,709035,61122101,84.9,86.8,84.9,86.1,1.4,573
532,2021-03-18,8210,332286,28444856,86.0,86.3,85.1,85.3,-0.8,294
533,2021-03-19,8210,154383,13085608,84.8,85.3,84.5,84.7,-0.6,146
534,2021-03-22,8210,180713,15312550,85.4,85.4,84.5,84.7,0.0,159
535,2021-03-23,8210,203540,17237947,85.0,85.0,84.2,84.9,0.2,163
536,2021-03-24,8210,308766,26040745,84.9,84.9,84.1,84.4,-0.5,250
537,2021-03-25,8210,1065269,92129118,84.9,87.8,84.8,85.9,1.5,867
538,2021-03-26,8210,290128,24867310,86.4,86.4,85.1,85.5,-0.4,262
539,2021-03-29,8210,312969,26858003,86.5,86.5,85.5,85.9,0.4,233
540,2021-03-30,8210,329494,28153794,85.9,86.1,85.2,85.3,-0.6,265
541,2021-03-31,8210,401777,34089461,85.7,85.7,84.5,84.8,-0.5,259
542,2021-04-01,8210,362419,30518138,84.6,84.8,84.0,84.2,-0.6,282
543,2021-04-06,8210,341342,28902771,84.5,85.2,84.4,84.4,0.2,248
544,2021-04-07,8210,1397442,120923048,84.3,87.4,84.3,87.1,2.7,1058
545,2021-04-08,8210,645272,56077716,87.0,87.6,86.1,86.8,-0.3,469
546,2021-04-09,8210,1851056,165141117,87.2,91.2,85.8,89.6,2.8,1442
547,2021-04-12,8210,1311515,117928499,90.0,90.5,89.2,89.6,0.0,878
548,2021-04-13,8210,766677,68579028,90.9,90.9,88.3,88.3,-1.3,621
549,2021-04-14,8210,705773,60942474,89.0,89.0,85.0,85.6,-2.7,598
550,2021-04-15,8210,423137,36966642,86.3,88.5,86.2,87.6,2.0,313
551,2021-04-16,8210,459394,40836920,88.5,89.5,88.4,88.8,1.2,345
552,2021-04-19,8210,873407,78039137,89.5,90.2,88.1,89.5,0.7,580
553,2021-04-20,8210,421858,37535445,89.9,89.9,88.3,88.6,-0.9,348
554,2021-04-21,8210,306596,27109400,88.8,88.8,88.1,88.2,-0.4,269
555,2021-04-22,8210,758534,66095771,88.5,88.5,85.7,85.8,-2.4,636
556,2021-04-23,8210,424990,36894164,85.5,87.8,85.5,87.0,1.2,344
557,2021-04-26,8210,326989,28384669,87.1,87.3,86.4,86.4,-0.6,272
558,2021-04-27,8210,301291,25952532,86.4,86.9,85.6,86.3,-0.1,251
559,2021-04-28,8210,295691,25357249,86.5,86.6,85.3,85.8,-0.5,256
560,2021-04-29,8210,185918,15960546,86.3,86.3,85.5,86.1,0.3,162
561,2021-05-03,8210,364690,31116516,86.1,86.3,84.4,84.5,-1.6,315
562,2021-05-04,8210,686692,56433624,84.7,85.0,80.9,83.0,-1.5,525
563,2021-05-05,8210,351662,29047225,82.7,83.8,82.0,82.0,-1.0,307
564,2021-05-06,8210,198841,16339464,82.5,82.8,81.5,82.1,0.1,161
565,2021-05-07,8210,211335,17367726,81.8,83.7,81.8,83.1,1.0,162
566,2021-05-10,8210,292010,24161535,83.1,83.3,82.3,82.6,-0.5,217
567,2021-05-11,8210,506512,41031254,81.2,81.9,80.7,80.8,-1.8,373
568,2021-05-12,8210,747682,58222287,80.8,80.8,73.4,77.4,-3.4,532
569,2021-05-13,8210,377640,29038704,75.4,78.2,74.6,76.2,-1.2,306
570,2021-05-14,8210,349951,27122251,77.0,79.9,76.9,77.0,0.8,243
571,2021-05-17,8210,774923,55818367,71.0,74.5,69.9,70.8,-6.2,566
572,2021-05-18,8210,368477,27039811,70.8,74.9,70.8,74.1,3.3,270
573,2021-05-19,8210,153254,11288267,71.7,74.5,71.7,74.4,0.3,156
574,2021-05-20,8210,383632,28525703,74.0,75.1,73.5,74.5,0.1,257
575,2021-05-21,8210,517530,39486052,75.4,77.4,75.0,76.3,1.8,426
576,2021-05-24,8210,212125,16313326,75.9,77.4,75.6,77.3,1.0,196
577,2021-05-25,8210,202511,15700767,76.5,78.2,76.5,77.5,0.2,191
578,2021-05-26,8210,314784,24635473,77.7,78.8,77.6,78.8,1.3,256
579,2021-05-27,8210,271764,21267077,78.7,78.8,77.6,78.5,-0.3,233
580,2021-05-28,8210,720779,56751836,79.3,79.3,78.2,78.7,0.2,552
581,2021-05-31,8210,804501,59827752,74.9,75.2,73.7,73.7,0.0,659
582,2021-06-01,8210,316839,23257089,74.3,74.5,73.1,73.6,-0.1,292
583,2021-06-02,8210,204657,15021888,74.1,74.1,73.1,73.2,-0.4,196
584,2021-06-03,8210,186675,13608414,73.0,73.4,72.6,72.8,-0.4,216
585,2021-06-04,8210,237640,17181593,72.9,73.1,72.0,72.2,-0.6,225
586,2021-06-07,8210,225364,16166984,72.7,72.7,71.3,71.7,-0.5,198
587,2021-06-08,8210,233135,16932352,71.0,73.4,71.0,73.2,1.5,192
588,2021-06-09,8210,185149,13463165,73.2,73.2,72.2,72.4,-0.8,167
589,2021-06-10,8210,176446,12795068,72.4,73.1,72.2,72.2,-0.2,172
590,2021-06-11,8210,120144,8743286,72.8,73.7,72.5,72.6,0.4,96
591,2021-06-15,8210,160222,11654773,72.8,73.4,72.5,72.8,0.2,139
592,2021-06-16,8210,190772,13797212,72.8,73.0,72.0,72.0,-0.8,166
593,2021-06-17,8210,143515,10326293,72.0,72.6,71.8,72.0,0.0,124
594,2021-06-18,8210,324809,23709445,72.4,74.0,71.9,73.0,1.0,207
595,2021-06-21,8210,186203,13486504,73.2,73.2,71.9,72.1,-0.9,185
596,2021-06-22,8210,173350,12515810,72.8,72.8,72.0,72.1,0.0,129
597,2021-06-23,8210,108196,7820862,72.8,72.8,72.0,72.4,0.3,85
598,2021-06-24,8210,430906,31896032,73.1,75.5,72.5,74.9,2.5,335
599,2021-06-25,8210,553618,41984754,75.4,76.2,75.0,75.9,1.0,393
600,2021-06-28,8210,302471,22862899,76.0,76.0,75.2,75.6,-0.3,240
601,2021-06-29,8210,279326,20918773,75.6,75.6,74.5,74.6,-1.0,204
602,2021-06-30,8210,135522,10106146,74.6,74.8,74.4,74.5,-0.1,104
603,2021-07-01,8210,212603,15785157,74.2,74.7,73.9,74.0,-0.5,156
604,2021-07-02,8210,155634,11525725,74.0,74.4,73.8,74.4,0.4,110
605,2021-07-05,8210,291285,21733525,74.9,75.2,74.0,74.9,0.5,188
606,2021-07-06,8210,720981,55184954,76.0,77.4,76.0,76.6,1.7,500
607,2021-07-07,8210,1301712,101435902,77.0,79.2,76.9,78.7,2.1,884
608,2021-07-08,8210,568130,44580025,79.2,79.3,77.8,78.3,-0.4,400
609,2021-07-09,8210,474081,36729967,78.1,78.1,77.0,77.7,-0.6,378
610,2021-07-12,8210,354279,27587979,78.2,78.5,77.5,77.5,-0.2,290
611,2021-07-13,8210,298703,23216976,78.2,78.2,77.5,77.5,0.0,201
612,2021-07-14,8210,527436,41521193,77.7,79.5,77.7,78.2,0.7,363
613,2021-07-15,8210,394855,30443568,78.1,78.1,76.7,76.7,-1.5,357
614,2021-07-16,8210,467095,35292510,76.5,76.7,74.8,74.8,-1.9,434
615,2021-07-19,8210,306384,22958249,74.5,76.0,73.8,75.6,0.8,259
616,2021-07-20,8210,138324,10414708,75.6,75.6,75.1,75.5,-0.1,104
617,2021-07-21,8210,168019,12524320,76.0,76.0,74.2,74.3,-1.2,160
618,2021-07-22,8210,159122,11842720,74.5,75.0,74.1,74.2,-0.1,150
619,2021-07-23,8210,217285,16077350,74.0,74.3,73.7,73.7,-0.5,182
620,2021-07-26,8210,174658,13035476,74.5,75.2,73.9,74.9,1.2,151
621,2021-07-27,8210,195088,14640390,74.9,75.4,74.2,74.9,0.0,139
622,2021-07-28,8210,162439,12025710,74.8,74.8,73.0,73.9,-1.0,134
623,2021-07-29,8210,124783,9236787,74.0,74.7,73.2,74.6,0.7,112
624,2021-07-30,8210,91000,6794900,74.6,74.8,74.6,74.6,0.0,68
625,2021-08-02,8210,120282,9001093,75.4,75.4,74.6,74.7,0.1,106
626,2021-08-03,8210,271657,20420376,74.9,75.7,74.8,75.6,0.9,152
627,2021-08-04,8210,164953,12522937,76.3,76.3,75.7,75.7,0.1,168
628,2021-08-05,8210,86522,6553291,75.8,75.9,75.6,75.6,-0.1,89
629,2021-08-06,8210,149335,11225866,75.9,75.9,74.9,75.6,0.0,118
630,2021-08-09,8210,107519,8101284,75.9,76.2,74.9,74.9,-0.7,98
631,2021-08-10,8210,118910,8821052,74.8,74.8,73.5,74.6,-0.3,103
632,2021-08-11,8210,303342,22289592,73.0,74.4,72.8,73.0,-1.6,205
633,2021-08-12,8210,170226,12404895,72.5,73.2,72.5,72.6,-0.4,118
634,2021-08-13,8210,141777,10247948,72.7,72.7,72.1,72.2,-0.4,141
635,2021-08-16,8210,256527,18135172,71.1,71.6,70.1,70.5,-1.7,179
636,2021-08-17,8210,284347,19871198,70.6,70.6,69.0,69.0,-1.5,250
637,2021-08-18,8210,137052,9430248,69.0,69.9,68.0,69.6,0.6,112
638,2021-08-19,8210,132224,9187930,69.6,70.0,69.2,69.4,-0.2,126
639,2021-08-20,8210,113004,7761476,69.5,69.5,68.2,68.6,-0.8,89
640,2021-08-23,8210,77360,5345020,68.6,69.6,68.6,69.3,0.7,71
641,2021-08-24,8210,62900,4381016,69.8,70.0,69.4,70.0,0.7,65
642,2021-08-25,8210,152442,10894266,70.4,72.1,70.4,71.9,1.9,134
643,2021-08-26,8210,57180,4084029,72.4,72.4,71.1,71.4,-0.5,62
644,2021-08-27,8210,43161,3066827,71.2,71.4,70.8,71.1,-0.3,42
645,2021-08-30,8210,97270,6857437,71.3,71.3,70.1,70.9,-0.2,85
646,2021-08-31,8210,64203,4533513,70.9,71.0,70.0,70.5,-0.4,62
647,2021-09-01,8210,133896,9418641,70.5,71.5,69.8,71.2,0.7,106
648,2021-09-02,8210,76926,5428494,70.6,71.2,70.2,70.2,-1.0,78
649,2021-09-03,8210,170649,12221406,70.6,72.3,70.6,72.3,2.1,148
650,2021-09-06,8210,86260,6192795,72.6,72.6,71.4,72.0,-0.3,79
651,2021-09-07,8210,183828,13342157,72.7,73.7,72.0,72.1,0.1,168
652,2021-09-08,8210,78262,5616445,72.2,72.2,71.3,71.6,-0.5,80
653,2021-09-09,8210,62441,4499257,72.3,72.3,71.1,72.1,0.5,63
654,2021-09-10,8210,298130,21960132,72.1,74.4,72.1,74.0,1.9,292
655,2021-09-13,8210,257056,19248487,74.0,75.4,74.0,75.2,1.2,197
656,2021-09-14,8210,83210,6218860,75.2,75.2,74.5,74.8,-0.4,71
657,2021-09-15,8210,82249,6102474,74.8,74.8,73.9,74.2,-0.6,82
658,2021-09-16,8210,85880,6399381,74.2,74.9,74.2,74.2,0.0,92
659,2021-09-17,8210,86500,6454410,75.0,75.0,74.3,74.8,0.6,69
660,2021-09-22,8210,109389,8067990,73.8,74.0,73.5,73.7,-1.1,102
661,2021-09-23,8210,103310,7695685,73.7,74.8,73.7,74.8,1.1,97
662,2021-09-24,8210,101756,7616458,75.0,75.1,74.5,74.7,-0.1,83
663,2021-09-27,8210,141642,10584529,74.8,74.9,74.5,74.7,0.0,94
664,2021-09-28,8210,60183,4492555,74.7,74.9,74.2,74.6,-0.1,61
665,2021-09-29,8210,101194,7461256,73.7,74.2,73.5,74.0,-0.6,94
666,2021-09-30,8210,102234,7591402,73.8,74.6,73.7,74.6,0.6,81
667,2021-10-01,8210,120326,8868480,74.7,74.7,73.1,73.6,-1.0,109
668,2021-10-04,8210,154150,11250450,73.5,73.6,72.2,72.6,-1.0,114
669,2021-10-05,8210,78077,5681046,72.1,73.3,72.0,73.3,0.7,53
670,2021-10-06,8210,94684,6936428,73.3,73.7,72.9,73.5,0.2,76
671,2021-10-07,8210,171422,12794786,73.1,75.0,73.1,74.7,1.2,140
672,2021-10-08,8210,291467,22106530,75.8,76.5,75.2,75.7,1.0,236
673,2021-10-12,8210,143375,10778493,75.7,76.0,74.8,74.9,-0.8,102
674,2021-10-13,8210,122402,9172997,75.7,75.7,74.2,74.7,-0.2,112
675,2021-10-14,8210,87445,6513173,74.5,74.6,74.2,74.5,-0.2,87
676,2021-10-15,8210,134202,10016027,74.5,75.0,74.5,74.6,0.1,94
677,2021-10-18,8210,55103,4098298,74.7,74.7,74.1,74.6,0.0,64
678,2021-10-19,8210,250053,18758285,74.6,75.5,74.4,75.2,0.6,183
679,2021-10-20,8210,81560,6131340,75.6,75.6,74.9,75.3,0.1,72
680,2021-10-21,8210,242268,18282852,75.1,75.6,75.1,75.6,0.3,167
681,2021-10-22,8210,527572,40403021,75.6,77.1,75.5,77.1,1.5,400
682,2021-10-25,8210,291695,22326150,77.8,77.8,76.0,76.1,-1.0,196
683,2021-10-26,8210,138276,10496802,76.7,76.7,75.5,76.1,0.0,118
684,2021-10-27,8210,142570,10734378,76.1,76.1,75.0,75.5,-0.6,130
685,2021-10-28,8210,254015,19147238,75.5,76.0,75.0,76.0,0.5,219
686,2021-10-29,8210,163015,12271444,76.0,76.0,75.0,75.2,-0.8,125
687,2021-11-01,8210,318634,23972665,75.2,75.9,74.7,75.5,0.3,285
688,2021-11-02,8210,282348,21415956,75.9,76.6,75.2,75.7,0.2,230
689,2021-11-03,8210,100661,7634429,75.4,76.1,75.4,76.0,0.3,100
690,2021-11-04,8210,401245,30932644,75.9,77.6,75.8,77.3,1.3,273
691,2021-11-05,8210,262936,20383900,77.9,77.9,77.0,77.8,0.5,227
692,2021-11-08,8210,208064,16102589,78.0,78.0,77.0,77.1,-0.7,151
693,2021-11-09,8210,250010,19233567,77.0,77.3,76.6,76.9,-0.2,194
694,2021-11-10,8210,495285,37213411,76.0,76.0,74.7,74.9,-2.0,394
695,2021-11-11,8210,202055,15166025,74.1,75.8,74.1,75.8,0.9,191
696,2021-11-12,8210,146346,11003304,75.8,75.8,74.9,75.4,-0.4,112
697,2021-11-15,8210,129964,9745651,75.4,75.4,74.7,75.3,-0.1,115
698,2021-11-16,8210,70225,5310094,75.3,76.0,75.3,75.8,0.5,66
699,2021-11-17,8210,78491,5921979,75.6,75.6,75.3,75.5,-0.3,67
700,2021-11-18,8210,128253,9723757,75.4,76.2,75.2,76.0,0.5,130
701,2021-11-19,8210,209418,16083778,76.1,77.2,76.1,76.7,0.7,191
702,2021-11-22,8210,168229,12979895,77.3,77.4,76.6,77.2,0.5,146
703,2021-11-23,8210,118490,9123460,77.2,77.6,76.5,77.0,-0.2,114
704,2021-11-24,8210,201763,15336196,76.5,76.7,75.4,75.9,-1.1,159
705,2021-11-25,8210,93183,7100195,75.9,76.4,75.8,76.2,0.3,89
706,2021-11-26,8210,222301,16704654,76.6,76.6,74.8,74.9,-1.3,166
707,2021-11-29,8210,160108,11887517,74.3,74.9,73.5,74.6,-0.3,135
708,2021-11-30,8210,135446,10193340,74.6,75.7,74.6,75.0,0.4,121
709,2021-12-01,8210,119212,8947700,75.0,75.7,74.4,75.5,0.5,104
710,2021-12-02,8210,180362,13440242,75.5,75.6,74.1,74.2,-1.3,154
711,2021-12-03,8210,114078,8446625,74.2,74.4,73.9,74.2,0.0,118
712,2021-12-06,8210,194392,14262683,74.1,74.1,73.1,73.3,-0.9,183
713,2021-12-07,8210,171456,12542634,73.3,73.5,72.9,73.5,0.2,135
714,2021-12-08,8210,81635,6049707,73.6,74.5,73.6,74.4,0.9,72
715,2021-12-09,8210,68441,5080750,74.4,74.5,74.0,74.3,-0.1,69
716,2021-12-10,8210,112766,8269734,74.2,74.2,73.2,73.2,-1.1,113
717,2021-12-13,8210,116702,8518253,73.6,73.6,72.8,72.9,-0.3,97
718,2021-12-14,8210,117382,8509520,73.0,73.0,72.2,72.3,-0.6,122
719,2021-12-15,8210,69056,5039716,72.3,73.5,72.3,73.4,1.1,78
720,2021-12-16,8210,153967,11187265,73.3,73.4,72.0,72.8,-0.6,143
721,2021-12-17,8210,47098,3434148,73.0,73.2,72.8,73.2,0.4,44
722,2021-12-20,8210,47362,3465731,73.5,73.5,73.0,73.3,0.1,47
723,2021-12-21,8210,32000,2344400,73.6,73.6,73.0,73.3,0.0,29
724,2021-12-22,8210,40761,2989783,73.5,73.6,73.2,73.5,0.2,39
725,2021-12-23,8210,267668,20023875,73.9,75.3,73.9,75.3,1.8,256
726,2021-12-24,8210,309084,23452174,75.6,76.4,75.3,75.6,0.3,270
727,2021-12-27,8210,630856,49054844,76.2,78.8,76.1,78.0,2.4,614
728,2021-12-28,8210,531268,41525892,79.1,79.1,77.3,77.5,-0.5,559
729,2021-12-29,8210,182017,14148498,78.0,78.0,77.3,77.9,0.4,156
730,2021-12-30,8210,228739,17869876,77.8,78.5,77.6,78.0,0.1,155
731,2022-01-03,8210,353651,27825692,78.5,79.3,78.1,78.2,0.2,267
732,2022-01-04,8210,216859,16924465,78.3,78.6,77.6,78.1,-0.1,175
733,2022-01-05,8210,158805,12307791,78.0,78.1,76.5,77.2,-0.9,148
734,2022-01-06,8210,129317,10025281,77.2,78.0,76.8,77.9,0.7,126
735,2022-01-07,8210,105515,8169703,78.0,78.2,76.8,77.7,-0.2,135
736,2022-01-10,8210,320954,25169115,77.5,78.8,77.5,78.8,1.1,281
737,2022-01-11,8210,410277,32554166,79.4,79.8,78.8,79.5,0.7,334
738,2022-01-12,8210,190850,15157709,79.5,79.9,79.0,79.6,0.1,197
739,2022-01-13,8210,177617,14015643,79.9,80.0,78.1,79.0,-0.6,390
740,2022-01-14,8210,189648,14676348,79.0,79.0,76.8,77.5,-1.5,221
741,2022-01-17,8210,96521,7452885,77.7,77.7,76.7,77.5,0.0,97
742,2022-01-18,8210,105360,8213506,77.5,78.3,77.5,78.0,0.5,87
743,2022-01-19,8210,121321,9437784,78.3,78.3,77.6,78.0,0.0,142
744,2022-01-20,8210,141824,11169007,78.3,79.6,78.2,78.5,0.5,144
745,2022-01-21,8210,174660,13515592,78.0,78.0,76.9,77.7,-0.8,153
746,2022-01-24,8210,230163,17859840,77.7,78.6,76.1,78.4,0.7,169
747,2022-01-25,8210,1039019,82711290,78.1,80.8,78.1,80.2,1.8,784
748,2022-01-26,8210,5539405,468196208,80.5,87.0,80.5,83.2,3.0,5395
749,2022-02-07,8210,4607259,404402925,86.9,89.8,85.0,89.2,6.0,4055
750,2022-02-08,8210,2794828,249428795,90.3,90.3,88.2,88.5,-0.7,2305
751,2022-02-09,8210,5724721,524505978,88.0,92.9,87.8,91.3,2.8,4983
752,2022-02-10,8210,2222769,203606364,92.0,92.6,90.4,92.2,0.9,2099
753,2022-02-11,8210,1074964,97869027,90.5,91.8,90.5,90.9,-1.3,1106
754,2022-02-14,8210,1554496,136842144,90.5,90.5,86.4,88.6,-2.3,1450
755,2022-02-15,8210,3200991,291578236,88.8,93.2,88.8,89.4,0.8,2653
756,2022-02-16,8210,1921822,175277109,91.9,93.4,89.1,90.5,1.1,1678
757,2022-02-17,8210,1405289,124462531,90.5,90.5,87.5,87.5,-3.0,1264
758,2022-02-18,8210,689174,59807673,86.7,87.3,86.0,86.8,-0.7,622
759,2022-02-21,8210,675387,58124733,86.9,87.0,85.2,86.1,-0.7,758
760,2022-02-22,8210,906421,76928536,85.5,86.5,83.8,84.3,-1.8,804
761,2022-02-23,8210,598530,50457540,84.3,85.3,83.5,84.3,0.0,605
762,2022-02-24,8210,1094949,89435761,83.8,83.8,80.5,80.5,-3.8,961
763,2022-02-25,8210,529438,42816970,81.5,82.0,80.1,80.5,0.0,412
764,2022-03-01,8210,407358,33354341,81.0,82.3,81.0,82.0,1.5,361
765,2022-03-02,8210,385289,31025241,81.0,81.0,80.1,80.9,-1.1,329
766,2022-03-03,8210,353759,28608147,81.2,81.4,80.4,80.8,-0.1,314
767,2022-03-04,8210,343266,27523973,80.0,80.6,79.5,80.0,-0.8,290
768,2022-03-07,8210,699795,54144365,79.8,79.8,76.8,77.0,-3.0,539
769,2022-03-08,8210,686835,51916415,75.3,77.2,74.8,74.8,-2.2,520
770,2022-03-09,8210,256347,19437062,75.3,76.8,75.3,75.7,0.9,216
771,2022-03-10,8210,445550,34707866,76.9,78.5,76.8,77.8,2.1,337
772,2022-03-11,8210,391280,29814458,77.3,77.3,75.7,75.9,-1.9,336
773,2022-03-14,8210,157095,11939971,75.9,76.6,75.7,75.9,0.0,141
774,2022-03-15,8210,356133,26651514,75.9,76.1,74.0,74.4,-1.5,323
775,2022-03-16,8210,843923,62073011,74.4,74.7,72.8,73.2,-1.2,598
776,2022-03-17,8210,441394,32535631,73.7,74.4,73.2,73.6,0.4,408
777,2022-03-18,8210,205761,15232221,73.8,74.3,73.7,74.0,0.4,177
778,2022-03-21,8210,317759,23684752,74.9,75.9,74.0,74.0,0.0,301
779,2022-03-22,8210,373139,27834845,75.0,75.4,74.1,74.7,0.7,347
780,2022-03-23,8210,402425,29929699,75.0,75.0,74.2,74.3,-0.4,373
781,2022-03-24,8210,599735,43864291,74.2,74.2,72.8,72.9,-1.4,533
782,2022-03-25,8210,417499,30266083,73.1,73.1,72.2,72.3,-0.6,359
783,2022-03-28,8210,297055,21266211,72.3,72.9,71.0,72.7,0.4,274
784,2022-03-29,8210,278077,20039620,73.4,73.5,71.7,71.8,-0.9,269
785,2022-03-30,8210,454594,32497724,72.0,72.2,71.1,71.8,0.0,380
786,2022-03-31,8210,129982,9291528,71.2,71.6,71.2,71.4,-0.4,142
787,2022-04-01,8210,492842,34684102,71.0,71.0,70.0,70.7,-0.7,450
788,2022-04-06,8210,219576,15536528,70.6,71.4,70.0,71.2,0.5,211
789,2022-04-07,8210,300976,21174317,70.7,71.0,70.0,70.0,-1.2,283
790,2022-04-08,8210,148977,10515213,70.5,71.0,70.1,70.9,0.9,148
791,2022-04-11,8210,472965,32750260,70.9,70.9,68.5,69.0,-1.9,448
792,2022-04-12,8210,338225,23130454,69.0,69.0,67.9,68.7,-0.3,326
793,2022-04-13,8210,190815,13349665,68.9,70.6,68.9,70.2,1.5,181
794,2022-04-14,8210,149084,10468069,70.8,70.8,69.8,70.4,0.2,119
795,2022-04-15,8210,135136,9495085,71.0,71.0,70.0,70.4,0.0,140
796,2022-04-18,8210,173620,12045235,70.0,70.4,68.7,69.2,-1.2,162
797,2022-04-19,8210,112250,7796040,69.0,69.8,69.0,69.5,0.3,91
798,2022-04-20,8210,258807,18244921,70.3,71.0,69.7,70.9,1.4,186
799,2022-04-21,8210,169262,11988827,70.9,71.2,70.5,70.7,-0.2,169
800,2022-04-22,8210,175950,12390414,70.0,71.0,69.9,70.9,0.2,158
801,2022-04-25,8210,344883,24127691,70.5,70.6,69.3,70.1,-0.8,275
802,2022-04-26,8210,244852,16918190,70.1,70.5,68.6,68.8,-1.3,295
803,2022-04-27,8210,576086,38077759,68.0,68.0,65.1,66.3,-2.5,461
804,2022-04-28,8210,167872,11311491,66.1,68.0,66.1,67.7,1.4,139
805,2022-04-29,8210,139940,9492950,67.7,69.4,67.1,67.4,-0.3,145
806,2022-05-03,8210,125318,8324593,67.2,67.2,66.2,66.6,-0.8,121
807,2022-05-04,8210,57177,3816768,67.2,67.4,66.4,66.9,0.3,51
808,2022-05-05,8210,85755,5804076,67.2,68.3,67.2,67.7,0.8,70
809,2022-05-06,8210,120105,8008135,66.1,67.2,66.1,67.0,-0.7,95
810,2022-05-09,8210,214055,14153414,67.0,67.0,65.8,65.9,-1.1,139
811,2022-05-10,8210,259048,16850812,65.4,65.8,64.0,65.4,-0.5,176
812,2022-05-11,8210,177872,11512889,66.0,66.0,64.0,65.0,-0.4,129
813,2022-05-12,8210,207549,13286550,65.7,65.7,63.0,63.0,-2.0,171
814,2022-05-13,8210,188680,12173108,63.5,65.6,63.5,65.0,2.0,188
815,2022-05-16,8210,257098,16529029,65.4,65.7,63.0,65.1,0.1,289
816,2022-05-17,8210,212723,14210307,65.3,67.8,65.2,67.5,2.4,229
817,2022-05-18,8210,238855,16194991,67.5,68.6,67.2,67.7,0.2,216
818,2022-05-19,8210,148725,9998224,66.2,67.8,66.0,67.5,-0.2,126
819,2022-05-20,8210,378679,26043733,67.7,69.7,67.5,68.8,1.3,281
820,2022-05-23,8210,129724,8881485,69.8,69.8,68.0,68.2,-0.6,128
821,2022-05-24,8210,147372,9965345,68.3,68.5,67.1,67.3,-0.9,256
822,2022-05-25,8210,45389,3067206,67.2,68.0,67.0,68.0,0.7,48
823,2022-05-26,8210,101413,6834890,68.2,68.2,67.0,67.0,-1.0,92
824,2022-05-27,8210,63094,4281507,67.8,68.1,67.5,67.8,0.8,64
825,2022-05-30,8210,71468,4905920,68.6,69.1,68.3,69.1,1.3,89
826,2022-05-31,8210,47236,3268385,69.2,69.4,68.8,69.3,0.2,141
827,2022-06-01,8210,178628,12593609,69.5,71.3,69.4,70.2,0.9,168
828,2022-06-02,8210,76801,5355469,70.0,70.4,69.5,69.6,-0.6,115
829,2022-06-06,8210,95949,6655640,69.7,70.5,68.9,69.0,-0.6,129
830,2022-06-07,8210,65030,4453041,69.0,69.1,68.2,68.3,-0.7,67
831,2022-06-08,8210,232009,16187146,68.3,70.9,68.3,70.9,2.6,188
832,2022-06-09,8210,557328,40320122,71.5,73.3,71.3,72.2,1.3,539
833,2022-06-10,8210,201207,14300930,71.2,71.6,70.3,71.3,-0.9,218
834,2022-06-13,8210,255880,17964037,70.5,71.2,69.7,69.9,-1.4,217
835,2022-06-14,8210,406431,27844920,69.2,69.9,68.0,68.7,-1.2,293
836,2022-06-15,8210,170231,11696168,68.4,69.5,68.4,68.8,0.1,135
837,2022-06-16,8210,280138,19083694,69.5,69.8,67.0,67.0,-1.8,229
838,2022-06-17,8210,129346,8673659,65.7,67.8,65.7,67.0,0.0,130
839,2022-06-20,8210,259375,17167295,67.7,67.7,65.3,65.6,-1.4,197
840,2022-06-21,8210,197175,13126310,65.8,67.2,65.8,67.0,1.4,144
841,2022-06-22,8210,305367,20134421,66.2,66.4,65.5,65.5,-1.5,247
842,2022-06-23,8210,399795,25138784,63.6,64.4,62.0,62.6,0.0,272
843,2022-06-24,8210,188083,12022697,62.7,64.2,62.7,64.1,1.5,169
844,2022-06-27,8210,191051,12459728,64.2,65.7,64.2,65.3,1.2,134
845,2022-06-28,8210,105366,6882604,65.4,65.7,64.7,65.7,0.4,106
846,2022-06-29,8210,39154,2555888,65.5,65.6,64.9,65.6,-0.1,41
847,2022-06-30,8210,143984,9234884,65.8,65.8,63.5,64.0,-1.6,127
848,2022-07-01,8210,169796,10581446,65.5,65.5,60.0,60.6,-3.4,184
849,2022-07-04,8210,117932,7118395,60.5,61.9,59.7,60.0,-0.6,110
850,2022-07-05,8210,139269,8415799,60.6,62.0,59.4,61.7,1.7,117
851,2022-07-06,8210,108081,6634214,61.2,61.8,60.8,61.2,-0.5,91
852,2022-07-07,8210,388613,25117662,66.8,66.8,63.6,64.3,3.1,321
853,2022-07-08,8210,199603,12992441,65.9,65.9,64.5,64.8,0.5,156
854,2022-07-11,8210,62588,4075818,65.3,65.4,64.6,65.3,0.5,63
855,2022-07-12,8210,142300,9078108,64.4,64.5,63.1,63.6,-1.7,150
856,2022-07-13,8210,136550,8862583,65.3,65.3,64.5,65.1,1.5,125
857,2022-07-14,8210,178624,11691785,65.1,66.0,64.5,66.0,0.9,170
858,2022-07-15,8210,371891,25195813,66.4,68.5,66.3,68.0,2.0,332
859,2022-07-18,8210,220437,14913971,68.5,68.6,67.0,68.0,0.0,375
860,2022-07-19,8210,149695,10269720,68.0,69.2,67.8,68.7,0.7,125
861,2022-07-20,8210,165151,11322539,69.9,70.2,67.6,68.1,-0.6,292
862,2022-07-21,8210,96416,6613083,68.7,69.0,68.0,69.0,0.9,85
863,2022-07-22,8210,141150,9663288,69.7,69.7,68.1,68.5,-0.5,145
864,2022-07-25,8210,94335,6399097,68.5,68.5,67.5,67.9,-0.6,72
865,2022-07-26,8210,82806,5544292,67.8,67.8,66.5,66.7,-1.2,110
866,2022-07-27,8210,79009,5268961,66.7,67.4,66.1,67.2,0.5,91
867,2022-07-28,8210,137654,9397952,68.0,69.1,67.4,68.3,1.1,145
868,2022-07-29,8210,185245,12745946,68.9,69.2,68.2,69.1,0.8,156
869,2022-08-01,8210,359165,25142982,69.2,70.8,68.6,70.5,1.4,233
870,2022-08-02,8210,148133,10297944,69.9,69.9,69.2,69.4,-1.1,127
871,2022-08-03,8210,101874,6992682,69.2,69.2,68.3,68.7,-0.7,94
872,2022-08-04,8210,169236,11556017,69.5,69.5,67.4,68.5,-0.2,216
873,2022-08-05,8210,384476,27153801,69.5,71.3,69.4,71.0,2.5,325
874,2022-08-08,8210,113660,8017624,71.0,71.0,70.0,70.5,-0.5,317
875,2022-08-09,8210,380865,26927699,70.5,71.8,70.0,71.8,1.3,243
876,2022-08-10,8210,216072,15491657,71.4,72.3,70.6,71.6,-0.2,192
877,2022-08-11,8210,169319,12205243,72.8,72.8,71.8,72.0,0.4,150
878,2022-08-12,8210,761364,56581176,72.5,75.5,72.4,75.5,3.5,679
879,2022-08-15,8210,788275,60625662,75.9,77.8,75.6,77.4,1.9,659
880,2022-08-16,8210,1907560,149920216,78.4,80.2,76.1,78.0,0.6,1257
881,2022-08-17,8210,1376880,109676145,80.0,80.5,78.4,80.2,2.2,889
882,2022-08-18,8210,828030,65755523,78.2,80.4,78.2,79.9,-0.3,561
883,2022-08-19,8210,488356,38839518,79.7,80.2,78.9,79.0,-0.9,362
884,2022-08-22,8210,299699,23488995,78.0,78.7,77.7,78.4,-0.6,221
885,2022-08-23,8210,236358,18554264,77.0,79.4,77.0,79.3,0.9,184
886,2022-08-24,8210,680747,54341146,78.6,80.8,78.6,79.7,0.4,348
887,2022-08-25,8210,261542,20747272,80.2,80.2,79.0,79.4,-0.3,189
888,2022-08-26,8210,1365089,110690908,79.6,82.4,79.6,81.2,1.8,800
889,2022-08-29,8210,657260,52089822,78.5,80.2,78.5,79.3,-1.9,397
890,2022-08-30,8210,334694,26681014,79.3,80.9,78.5,80.1,0.8,328
891,2022-08-31,8210,501001,40622413,80.1,81.7,80.0,81.4,1.3,372
892,2022-09-01,8210,721926,57054127,80.3,80.7,78.1,78.5,-2.9,969
893,2022-09-02,8210,386837,30732848,79.1,80.1,78.2,79.4,0.9,291
894,2022-09-05,8210,158474,12538173,80.9,80.9,78.7,79.0,-0.4,427
895,2022-09-06,8210,478280,38098021,82.0,82.0,77.6,77.8,-1.2,508
896,2022-09-07,8210,432436,32818635,76.0,76.8,75.1,75.5,-2.3,669
897,2022-09-08,8210,332923,25543188,76.1,77.3,76.1,76.7,1.2,227
898,2022-09-12,8210,136837,10713027,79.7,79.7,77.2,78.1,1.4,115
899,2022-09-13,8210,212338,16696608,77.8,79.3,77.8,78.7,0.6,174
900,2022-09-14,8210,203188,15788427,76.7,79.1,76.4,78.9,0.2,166
901,2022-09-15,8210,319551,25452840,78.6,80.4,78.6,79.7,0.8,226
902,2022-09-16,8210,481470,38692748,79.0,81.0,79.0,80.5,0.8,354
903,2022-09-19,8210,212336,16841368,80.5,80.5,78.6,79.5,-1.0,233
904,2022-09-20,8210,258953,20276154,79.3,79.3,77.7,79.0,-0.5,356
905,2022-09-21,8210,292501,22440367,78.3,78.3,75.8,75.9,-3.1,497
906,2022-09-22,8210,382737,29354256,75.1,78.4,75.1,77.5,1.6,247
907,2022-09-23,8210,150733,11582254,77.0,78.6,75.8,76.9,-0.6,189
908,2022-09-26,8210,374735,27987388,76.9,76.9,73.8,74.2,-2.7,298
909,2022-09-27,8210,243312,18395201,74.0,76.6,74.0,76.5,2.3,196
910,2022-09-28,8210,228852,17160238,76.9,76.9,74.2,74.2,-2.3,293
911,2022-09-29,8210,130239,9833310,75.0,76.2,74.7,74.8,0.6,115
912,2022-09-30,8210,133418,9907061,74.8,75.1,73.0,74.8,0.0,123
913,2022-10-03,8210,76246,5657016,75.8,75.8,73.5,74.0,-0.8,76
914,2022-10-04,8210,64285,4834219,75.0,75.7,74.9,75.0,1.0,211
915,2022-10-05,8210,251679,18890333,75.4,75.6,74.2,74.4,-0.6,206
916,2022-10-06,8210,220893,16455761,75.0,75.0,74.0,74.8,0.4,299
917,2022-10-07,8210,146159,10885328,74.0,75.4,74.0,74.6,-0.2,143
918,2022-10-11,8210,447201,31296436,72.5,73.0,68.3,69.1,-5.5,743
919,2022-10-12,8210,358903,23959250,69.1,69.1,65.8,66.6,-2.5,277
920,2022-10-13,8210,496342,31666539,66.3,67.1,61.9,62.5,-4.1,450
921,2022-10-14,8210,382993,24358228,63.5,64.7,62.9,63.3,0.8,293
922,2022-10-17,8210,270285,16746989,61.1,63.6,60.3,63.6,0.3,350
923,2022-10-18,8210,205377,13263696,63.7,65.2,63.6,64.8,1.2,178
924,2022-10-19,8210,222031,14233244,64.8,65.5,63.2,63.5,-1.3,193
925,2022-10-20,8210,768889,47313072,64.5,64.5,60.3,62.0,-1.5,537
926,2022-10-21,8210,238965,15038518,63.0,64.0,61.7,63.9,1.9,206
927,2022-10-24,8210,210555,13458449,64.3,64.5,63.4,64.5,0.6,179
928,2022-10-25,8210,173244,11065702,64.9,64.9,63.0,63.8,-0.7,168
929,2022-10-26,8210,106377,6722564,64.2,64.2,63.0,63.3,-0.5,138
930,2022-10-27,8210,166749,10795079,63.3,65.5,63.3,65.5,2.2,154
931,2022-10-28,8210,141182,9178252,64.5,65.8,64.3,64.6,-0.9,108
932,2022-10-31,8210,173450,11404920,66.2,66.4,64.9,66.2,1.6,182
933,2022-11-01,8210,145835,9799135,66.8,67.7,66.6,67.6,1.4,139
934,2022-11-02,8210,129543,8850743,67.9,68.7,67.9,68.5,0.9,165
935,2022-11-03,8210,250135,17134678,67.4,69.5,67.4,69.0,0.5,210
936,2022-11-04,8210,111308,7729503,67.7,69.8,67.7,69.8,0.8,86
937,2022-11-07,8210,333652,23780822,69.8,72.0,69.8,71.3,1.5,233
938,2022-11-08,8210,166832,11922720,72.5,72.5,70.9,71.2,-0.1,136
939,2022-11-09,8210,155367,11130258,72.0,72.2,70.5,71.6,0.4,104
940,2022-11-10,8210,68418,4848222,72.0,72.0,70.5,70.7,-0.9,221
941,2022-11-11,8210,722160,51008239,71.0,71.6,69.9,71.0,0.3,597
942,2022-11-14,8210,459055,33087298,71.8,72.8,71.4,71.8,0.8,439
943,2022-11-15,8210,185967,13261868,71.9,71.9,71.0,71.7,-0.1,314
944,2022-11-16,8210,694315,50911765,73.1,73.8,72.6,73.6,1.9,774
945,2022-11-17,8210,505686,37531238,74.1,75.1,73.2,73.5,-0.1,388
946,2022-11-18,8210,194422,14268752,74.2,74.2,72.7,73.2,-0.3,232
947,2022-11-21,8210,141230,10309874,73.2,73.5,72.5,72.5,-0.7,125
948,2022-11-22,8210,257792,18575739,72.1,73.0,71.3,71.7,-0.8,218
949,2022-11-23,8210,524158,38711795,73.5,74.8,73.0,73.9,2.2,409
950,2022-11-24,8210,229109,16863197,74.1,74.1,73.1,73.8,-0.1,192
951,2022-11-25,8210,270884,19784832,73.6,73.6,72.5,72.6,-1.2,227
952,2022-11-28,8210,84437,6134247,72.2,73.0,72.2,72.5,-0.1,78
953,2022-11-29,8210,70119,5098644,73.0,73.0,72.4,72.7,0.2,87
954,2022-11-30,8210,349046,25292341,73.2,73.2,72.0,72.5,-0.2,276
955,2022-12-01,8210,250377,18460904,73.5,74.4,73.0,73.8,1.3,231
956,2022-12-02,8210,441243,32904461,73.8,75.3,73.8,74.9,1.1,405
957,2022-12-05,8210,809429,61205954,75.2,76.5,74.8,75.6,0.7,811
958,2022-12-06,8210,462495,34688576,74.8,75.5,74.5,74.5,-1.1,436
959,2022-12-07,8210,399951,29339904,74.5,74.5,72.4,72.9,-1.6,375
960,2022-12-08,8210,283094,20485042,72.9,73.3,71.4,73.0,0.1,321
961,2022-12-09,8210,163384,11899300,73.3,73.6,72.5,72.8,-0.2,329
962,2022-12-12,8210,158208,11423463,72.1,72.8,71.9,72.3,-0.5,144
963,2022-12-13,8210,101219,7343912,72.3,72.8,72.2,72.5,0.2,80
964,2022-12-14,8210,189552,13938746,72.5,74.1,72.5,74.1,1.6,169
965,2022-12-15,8210,720717,54701667,74.0,77.2,74.0,75.8,1.7,528
966,2022-12-16,8210,288570,21667703,75.2,75.3,74.5,74.8,-1.0,219
967,2022-12-19,8210,158476,11904824,75.0,75.6,74.8,75.0,0.2,134
968,2022-12-20,8210,323473,23931218,74.9,75.4,72.5,72.7,-2.3,261
969,2022-12-21,8210,176398,13007148,74.0,74.4,72.8,74.3,1.6,163
970,2022-12-22,8210,130723,9843954,74.8,75.6,74.8,75.0,0.7,139
971,2022-12-23,8210,95702,7110555,74.3,75.0,73.8,74.2,-0.8,186
972,2022-12-26,8210,82136,6048734,74.4,74.4,73.2,73.2,-1.0,115
973,2022-12-27,8210,32080,2359993,73.5,73.7,73.5,73.6,0.4,34
974,2022-12-28,8210,196644,14392038,73.5,73.8,72.8,72.8,-0.8,185
975,2022-12-29,8210,237621,17068339,73.2,73.2,71.3,72.2,-0.6,268
976,2022-12-30,8210,90321,6538054,72.5,72.9,72.2,72.4,0.2,91
977,2023-01-03,8210,94116,6786481,72.4,72.9,71.6,72.6,0.2,54
978,2023-01-04,8210,241516,17837809,72.8,74.4,72.6,74.3,1.7,231
979,2023-01-05,8210,206402,15483270,74.8,75.8,74.3,74.3,0.0,221
980,2023-01-06,8210,100575,7488845,74.1,74.9,74.0,74.6,0.3,109
981,2023-01-09,8210,820886,62610656,76.2,76.8,75.7,76.2,1.6,603
982,2023-01-10,8210,1524823,120267750,76.5,80.3,76.2,78.2,2.0,1307
983,2023-01-11,8210,555770,43916511,78.5,79.6,78.3,78.5,0.3,730
984,2023-01-12,8210,720513,57282825,79.0,80.0,78.8,78.8,0.3,778
985,2023-01-13,8210,862521,69132512,79.5,80.9,79.0,80.1,1.3,1007
986,2023-01-16,8210,926223,74744713,80.6,81.5,79.2,81.1,1.0,786
987,2023-01-17,8210,4296035,366449312,81.9,87.2,81.5,85.2,4.1,4641
988,2023-01-30,8210,2871490,251475195,89.8,89.8,86.0,86.0,0.8,2342
989,2023-01-31,8210,1260613,109188974,86.9,87.5,85.2,86.0,0.0,1111
990,2023-02-01,8210,1889250,165441739,86.5,88.4,85.6,88.2,2.2,1465
991,2023-02-02,8210,1287851,112570986,88.1,88.7,86.6,86.9,-1.3,1243
992,2023-02-03,8210,1201617,103339410,86.9,87.0,84.0,86.5,-0.4,1493
993,2023-02-06,8210,609806,52936631,86.5,87.6,86.0,86.3,-0.2,508
994,2023-02-07,8210,651760,56447209,86.5,87.3,85.4,87.2,0.9,583
995,2023-02-08,8210,427175,37121076,87.8,87.8,86.4,86.6,-0.6,441
996,2023-02-09,8210,640701,55285107,86.8,87.2,85.5,86.8,0.2,567
997,2023-02-10,8210,881095,75041975,86.8,86.8,84.3,84.6,-2.2,707
998,2023-02-13,8210,1122566,91942992,81.7,83.1,80.5,82.8,-1.8,880
999,2023-02-14,8210,467167,39174653,82.9,84.6,82.8,83.9,1.1,475
1000,2023-02-15,8210,409205,34304973,83.9,84.6,83.2,84.0,0.1,355
1001,2023-02-16,8210,348744,29230483,83.6,84.6,83.4,83.7,-0.3,360
1002,2023-02-17,8210,240930,20200052,83.0,84.2,83.0,84.0,0.3,241
1003,2023-02-20,8210,325718,27188790,83.9,84.7,82.9,83.1,-0.9,317
1004,2023-02-21,8210,346442,29155361,82.9,84.6,82.9,84.5,1.4,282
1005,2023-02-22,8210,570858,47372815,84.1,84.1,82.5,82.7,-1.8,539
1006,2023-02-23,8210,1323055,113461444,83.0,86.8,83.0,86.8,4.1,1076
1007,2023-02-24,8210,3151392,279191398,87.9,89.4,87.2,88.8,2.0,2716
1008,2023-03-01,8210,2664970,240373294,89.7,91.3,88.2,90.8,2.0,2297
1009,2023-03-02,8210,915294,82237289,90.4,91.6,88.9,89.1,-1.7,893
1010,2023-03-03,8210,1168839,105170585,89.5,90.9,89.0,89.2,0.1,906
1011,2023-03-06,8210,490814,43953147,90.6,90.6,89.0,89.2,0.0,446
1012,2023-03-07,8210,477628,43021075,89.0,90.5,89.0,89.9,0.7,425
1013,2023-03-08,8210,1198502,109228210,89.9,91.9,89.2,91.6,1.7,1053
1014,2023-03-09,8210,904107,81912713,90.0,91.4,89.6,90.8,-0.8,1013
1015,2023-03-10,8210,814845,72068690,89.8,90.7,87.7,87.8,-3.0,1309
1016,2023-03-13,8210,618349,53367055,87.1,87.5,85.1,87.5,-0.3,605
1017,2023-03-14,8210,292245,25345833,87.5,87.7,86.0,86.6,-0.9,380
1018,2023-03-15,8210,881453,75704703,87.3,87.5,84.2,84.7,-1.9,679
1019,2023-03-16,8210,579403,48276221,84.5,85.0,82.2,83.1,-1.6,666
1020,2023-03-17,8210,2417374,194299136,82.3,83.8,78.9,79.5,-3.6,2027
1021,2023-03-20,8210,1551071,119574149,78.2,78.5,76.5,76.8,-2.7,1320
1022,2023-03-21,8210,1415943,109145462,77.4,78.0,76.6,77.0,0.2,1100
1023,2023-03-22,8210,1173472,91865862,77.4,79.0,77.4,78.5,1.5,1061
1024,2023-03-23,8210,967433,76457080,78.7,79.5,78.3,79.3,0.8,910
1025,2023-03-24,8210,1315732,106034730,79.9,81.4,79.7,80.5,1.2,1095
1026,2023-03-27,8210,1367702,112650533,81.8,83.8,80.6,82.6,2.1,1155
1027,2023-03-28,8210,980535,79397266,83.0,83.2,80.1,80.3,-2.3,1152
1028,2023-03-29,8210,885597,72453572,80.9,82.6,80.5,81.6,1.3,907
1029,2023-03-30,8210,565155,46488074,82.2,82.7,81.7,82.4,0.8,558
1030,2023-03-31,8210,1254075,105578804,83.3,85.0,83.3,83.6,1.2,1107
1031,2023-04-06,8210,425787,35379862,84.0,84.0,82.1,83.0,-0.6,432
1032,2023-04-07,8210,608279,51083933,83.2,85.0,83.1,83.6,0.6,531
1033,2023-04-10,8210,649271,53792802,83.6,83.6,82.3,83.2,-0.4,642
1034,2023-04-11,8210,649699,54545404,83.3,84.4,83.2,84.4,1.2,487
1035,2023-04-12,8210,1229785,101141554,83.0,83.1,81.7,82.2,-2.2,1058
1036,2023-04-13,8210,616060,50953195,82.1,83.7,81.9,82.5,0.3,545
1037,2023-04-14,8210,406152,33761888,82.8,83.5,82.8,83.0,0.5,354
1038,2023-04-17,8210,527635,43958547,83.0,83.9,83.0,83.1,0.1,431
1039,2023-04-18,8210,3823657,342555453,86.0,91.4,86.0,91.4,8.3,2431
1040,2023-04-19,8210,10362033,935639565,93.4,95.5,86.0,87.0,-4.4,7060
1041,2023-04-20,8210,2422575,204574024,87.0,87.0,82.9,83.3,-3.7,2204
1042,2023-04-21,8210,1339993,109524042,83.8,83.9,80.7,80.9,-2.4,1298
1043,2023-04-24,8210,474989,38521981,80.9,81.6,80.1,81.0,0.1,496
1044,2023-04-25,8210,1145663,91268729,81.5,81.8,78.5,79.3,-1.7,1001
1045,2023-04-26,8210,575873,45681201,78.7,80.4,78.3,79.9,0.6,531
1046,2023-04-27,8210,434317,34834911,80.5,80.9,78.9,80.4,0.5,399
1047,2023-04-28,8210,1498491,124242521,81.5,84.0,81.0,83.2,2.8,1059
1048,2023-05-02,8210,631612,52556416,83.2,83.9,82.6,83.5,0.3,543
1049,2023-05-03,8210,398919,32925751,83.4,83.4,82.0,82.0,-1.5,373
1050,2023-05-04,8210,612366,50904305,82.5,84.2,81.3,83.6,1.6,537
1051,2023-05-05,8210,505012,42362764,84.0,84.9,83.1,83.1,-0.5,440
1052,2023-05-08,8210,1272719,108195749,84.1,85.6,83.6,85.5,2.4,1021
1053,2023-05-09,8210,2124069,182515543,86.5,87.4,84.6,84.6,-0.9,2106
1054,2023-05-10,8210,2457719,214324689,86.4,88.4,85.1,86.9,2.3,1902
1055,2023-05-11,8210,1476795,127739547,87.2,88.8,85.2,85.4,-1.5,1784
1056,2023-05-12,8210,1714299,143232058,82.1,86.3,81.1,85.7,0.3,1528
1057,2023-05-15,8210,714257,60635666,84.6,86.1,83.8,84.1,-1.6,795
1058,2023-05-16,8210,3181175,279097901,86.0,88.5,86.0,88.1,4.0,2555
1059,2023-05-17,8210,1935846,172107400,89.3,89.7,88.0,88.0,-0.1,1935
1060,2023-05-18,8210,3177454,286790563,89.3,92.0,87.3,91.1,3.1,2896
1061,2023-05-19,8210,3139320,290490205,92.3,93.7,91.1,92.0,0.9,3343
1062,2023-05-22,8210,1461688,134008247,92.0,93.5,90.6,91.0,-1.0,2219
1063,2023-05-23,8210,1027095,94026680,92.1,92.4,90.8,91.9,0.9,1001
1064,2023-05-24,8210,543549,49731263,92.2,92.2,91.1,91.4,-0.5,778
1065,2023-05-25,8210,6063823,578711667,92.8,98.5,91.6,96.5,5.1,5149
1066,2023-05-26,8210,4161747,400545365,97.5,98.3,94.1,94.7,-1.8,3650
1067,2023-05-29,8210,6175009,612565394,97.2,102.0,96.3,101.0,6.3,4743
1068,2023-05-30,8210,20611108,2248360874,104.5,111.0,104.0,111.0,10.0,10548
1069,2023-05-31,8210,24161615,2780878509,114.0,118.5,111.5,116.0,5.0,16923
1070,2023-06-01,8210,9153290,1047030288,115.0,117.0,111.5,116.5,0.5,5477
1071,2023-06-02,8210,5580330,641270377,118.0,118.0,113.0,114.5,-2.0,3878
1072,2023-06-05,8210,3574546,409457517,115.0,116.0,112.0,116.0,1.5,2590
1073,2023-06-06,8210,5019855,573669232,118.0,119.5,111.5,112.5,-3.5,3487
1074,2023-06-07,8210,8239523,970021729,113.5,121.0,113.0,116.5,4.0,5815
1075,2023-06-08,8210,4760534,559069910,118.5,120.5,115.5,117.0,0.5,3413
1076,2023-06-09,8210,12457888,1549466925,118.5,128.0,118.0,125.5,8.5,8387
1077,2023-06-12,8210,8332726,977203501,126.0,126.0,113.5,115.5,-10.0,6328
1078,2023-06-13,8210,4978819,587619343,118.0,120.5,116.0,117.5,2.0,3606
1079,2023-06-14,8210,4940228,627795912,121.0,129.0,121.0,129.0,11.5,2780
1080,2023-06-15,8210,37446634,5013640170,131.5,141.0,127.0,137.5,8.5,22070
1081,2023-06-16,8210,12172819,1685618379,140.0,144.0,134.0,135.5,-2.0,8035
1082,2023-06-19,8210,8871257,1247225256,139.5,143.5,137.5,138.0,2.5,6194
1083,2023-06-20,8210,12193595,1766657825,138.0,151.5,135.0,151.5,13.5,8826
1084,2023-06-21,8210,17737968,2702309377,147.5,159.5,144.0,150.5,0.0,13422
1085,2023-06-26,8210,9411766,1424285480,152.0,158.0,144.5,146.0,-4.5,7560
1086,2023-06-27,8210,11793175,1658087095,144.5,145.5,137.0,139.0,-7.0,7509
1087,2023-06-28,8210,16704987,2463873154,142.5,152.5,141.0,150.0,11.0,11505
1088,2023-06-29,8210,17743043,2728643216,151.0,159.5,151.0,153.0,3.0,12145
1089,2023-06-30,8210,22533059,3643406565,154.5,168.0,153.5,168.0,15.0,14956
1090,2023-07-03,8210,7674174,1386561400,176.5,184.5,176.0,184.5,16.5,4128
1091,2023-07-04,8210,23133598,4330724472,190.0,191.0,180.5,187.5,3.0,16598
1092,2023-07-05,8210,7443039,1387059990,185.0,189.0,182.0,188.0,0.5,5615
1093,2023-07-06,8210,16263582,3095641292,186.0,199.0,182.5,182.5,-5.5,12799
1094,2023-07-07,8210,17199749,3206079607,180.5,194.0,178.5,183.5,1.0,12894
1095,2023-07-10,8210,8328916,1496788595,180.0,182.5,176.0,182.0,-1.5,6445
1096,2023-07-11,8210,11289892,2130958330,187.0,193.5,185.5,188.0,6.0,11284
1097,2023-07-12,8210,20082478,3987133972,190.5,206.5,190.0,206.5,18.5,16487
1098,2023-07-13,8210,30702694,6497336067,215.5,226.0,192.0,192.0,-14.5,23642
1099,2023-07-14,8210,14345875,2818224661,197.5,201.5,192.5,196.0,4.0,14617
1100,2023-07-17,8210,15343890,3091079447,194.0,210.5,188.5,203.5,7.5,12079
1101,2023-07-18,8210,15150622,3118859999,207.0,214.5,195.0,209.5,6.0,11609
1102,2023-07-19,8210,14417992,3065070311,215.0,221.5,205.5,206.5,-3.0,10931
1103,2023-07-20,8210,16280791,3526617838,210.0,221.0,208.5,219.5,13.0,12979
1104,2023-07-21,8210,16310059,3630197606,213.0,229.5,212.5,225.5,6.0,11814
1105,2023-07-24,8210,21227287,5065578485,235.5,248.0,224.0,248.0,22.5,15413
1106,2023-07-25,8210,3938386,952070036,249.0,249.0,234.0,236.0,-12.0,3973
1107,2023-07-26,8210,3435795,766423913,232.5,233.0,218.0,219.0,-17.0,3798
1108,2023-07-27,8210,3352552,719949966,224.5,225.5,210.0,211.5,-7.5,3911
1109,2023-07-28,8210,3673664,770662841,211.5,219.0,204.0,219.0,7.5,3365
1110,2023-07-31,8210,3219100,677186016,221.5,222.0,199.5,203.0,-16.0,3374
1111,2023-08-01,8210,2441456,479967559,205.0,206.0,191.0,195.5,-7.5,2614
1112,2023-08-02,8210,4600009,831219274,196.5,196.5,176.0,180.0,-15.5,3916
1113,2023-08-04,8210,3100391,570077790,180.0,189.0,180.0,189.0,9.0,2628
1114,2023-08-07,8210,3415976,680588246,192.0,207.0,191.0,204.0,15.0,3218
1115,2023-08-08,8210,2682771,532321899,206.0,206.0,195.0,196.0,-8.0,2468
1116,2023-08-09,8210,14989283,3116161641,189.0,215.0,186.0,212.5,16.5,14448
1117,2023-08-10,8210,6240948,1233628788,204.5,206.0,191.5,191.5,-21.0,10677
1118,2023-08-11,8210,10726058,2047185756,193.0,198.0,184.0,192.0,0.5,9387
1119,2023-08-14,8210,6792640,1255372959,184.0,190.5,181.5,183.5,-8.5,7161
1120,2023-08-15,8210,5040546,999423824,193.0,201.5,192.0,201.5,18.0,3685
1121,2023-08-16,8210,21833451,4516181865,199.0,215.5,198.5,215.5,14.0,17503
1122,2023-08-17,8210,20362503,4559559695,211.5,231.5,211.5,223.0,7.5,16958
1123,2023-08-18,8210,25859500,5943906105,224.0,239.5,217.5,230.0,7.0,21683
1124,2023-08-21,8210,14808517,3423002713,235.0,239.0,223.5,229.0,-1.0,12226
1125,2023-08-22,8210,15195602,3525768896,236.5,240.0,223.0,224.0,-5.0,12075
1126,2023-08-23,8210,14047262,3232696422,226.0,237.0,218.5,234.0,10.0,11725
1127,2023-08-24,8210,15372246,3683335048,244.5,248.0,232.0,234.0,0.0,12374
1128,2023-08-25,8210,7971134,1813758764,225.0,233.0,220.0,226.5,-7.5,6490
1129,2023-08-28,8210,6017319,1335784394,230.0,231.0,218.0,218.5,-8.0,12336
1130,2023-08-29,8210,4544559,1000825657,222.0,224.0,216.5,222.5,4.0,8540
1131,2023-08-30,8210,9857020,2264900679,229.5,234.0,224.5,225.0,2.5,11406
1132,2023-08-31,8210,10633350,2412612118,215.0,233.0,215.0,231.5,6.5,10014
1133,2023-09-01,8210,12038342,2646719355,229.5,230.0,215.0,216.5,-15.0,10315
1134,2023-09-04,8210,5943067,1258358807,215.0,216.0,209.0,212.0,-4.5,9798
1135,2023-09-05,8210,3293933,696327492,212.0,213.5,209.5,211.5,-0.5,2842
1136,2023-09-06,8210,9196519,2022219305,213.0,225.0,212.0,218.5,7.0,7698
1137,2023-09-07,8210,4036746,883794422,215.5,222.0,215.0,218.0,-0.5,5880
1138,2023-09-08,8210,6747718,1489831540,220.5,224.5,215.5,218.5,0.5,6184
1139,2023-09-11,8210,6332898,1275370689,216.5,216.5,197.0,197.0,-21.5,9126
1140,2023-09-12,8210,7414549,1440096693,195.5,198.0,190.5,194.5,-2.5,5573
1141,2023-09-13,8210,5455653,1047549931,194.0,195.0,188.0,195.0,0.5,5501
1142,2023-09-14,8210,8983664,1870641369,197.5,214.5,197.0,214.5,19.5,7743
1143,2023-09-15,8210,13242550,2908339903,215.0,224.5,212.5,224.5,10.0,12413
1144,2023-09-18,8210,6738356,1442335065,221.0,222.0,209.0,209.0,-15.5,10394
1145,2023-09-19,8210,4592464,950761237,212.0,213.5,202.0,202.5,-6.5,5061
1146,2023-09-20,8210,5187045,1059399377,197.5,208.5,197.5,205.5,3.0,4694
1147,2023-09-21,8210,4339414,870825911,202.5,204.0,195.0,201.5,-4.0,5646
1148,2023-09-22,8210,6184546,1292432853,199.0,213.5,197.5,213.5,12.0,5906
1149,2023-09-25,8210,7519605,1626525047,216.0,219.5,211.0,217.5,4.0,7880
1150,2023-09-26,8210,5374077,1167941150,217.0,222.0,213.0,214.0,-3.5,7682
1151,2023-09-27,8210,3586897,769273846,214.0,218.0,211.0,215.0,1.0,3179
1152,2023-09-28,8210,6584287,1436181547,217.0,223.0,214.0,217.5,2.5,7399
1153,2023-10-02,8210,10906395,2489119154,222.0,234.5,220.5,225.0,7.5,10387
1154,2023-10-03,8210,6267236,1420113157,228.0,230.5,222.0,224.5,-0.5,8805
1155,2023-10-04,8210,12140412,2806802339,220.0,237.0,219.0,233.5,9.0,10134
1156,2023-10-05,8210,8619355,2001522406,235.5,237.5,228.0,229.5,-4.0,9225
1157,2023-10-06,8210,8871975,2075317865,232.0,239.0,229.5,230.0,0.5,7400
1158,2023-10-11,8210,5234172,1196057175,234.5,235.0,225.0,228.0,-2.0,8032
1159,2023-10-12,8210,7850985,1812223149,232.0,237.0,223.0,233.0,5.0,7028
1160,2023-10-13,8210,6313119,1433747764,232.5,236.0,220.5,227.5,-5.5,11320
1161,2023-10-16,8210,3013282,685592726,225.0,230.5,224.5,226.0,-1.5,3287
1162,2023-10-17,8210,3822588,856855229,228.5,231.5,218.5,220.0,-6.0,7912
1163,2023-10-18,8210,7599472,1570932310,217.0,218.5,198.0,198.0,-22.0,8924
1164,2023-10-19,8210,14192683,2632464551,193.5,196.5,178.5,182.5,-15.5,13953
1165,2023-10-20,8210,7604830,1348224980,179.0,181.0,173.0,177.0,-5.5,6344
